001,203.6,149.7,253.0,158.2,229.0,145.4,226.7,163.6,409.0,164.9,358.8,168.8,384.4,156.7,385.0,177.5,297.5,307.0,297.4,319.0,296.7,323.3,295.9,340.9,237.0,317.6,363.0,328.2,269.8,120.2,165.0,106.7,346.3,121.5,452.0,122.4,-11.7,2.3,-0.5,0.999,0.0,0.0,0.0,0.0,0.52
002,205.3,152.0,249.6,159.5,228.2,145.9,225.9,163.6,401.8,165.9,360.4,167.8,381.1,158.3,381.4,174.9,300.6,306.0,299.1,318.1,297.3,320.0,296.4,338.0,237.1,320.5,361.2,328.1,272.5,121.8,159.7,105.9,343.9,122.4,450.6,125.3,-12.7,2.8,-0.7,0.999,0.0,0.0,0.0,0.0,0.52
003,201.6,152.2,251.1,159.6,226.3,145.6,225.0,162.8,403.5,165.9,356.2,167.8,380.0,157.2,381.8,175.7,298.3,306.5,295.8,317.7,294.9,322.9,294.4,341.4,234.7,321.5,358.8,326.4,274.3,123.7,156.4,114.6,339.9,124.8,451.3,128.1,-12.2,2.4,-1.0,0.999,0.0,0.0,0.0,0.0,0.52
004,204.6,152.4,250.2,160.9,226.4,145.0,224.6,163.6,401.2,165.1,357.6,169.1,381.0,156.0,381.6,173.6,297.0,307.5,296.2,319.8,293.1,321.8,293.2,340.0,240.3,319.2,355.8,327.0,273.0,124.1,165.6,111.9,332.6,127.4,436.2,122.9,-9.3,2.0,0.3,1.0,0.0,0.0,0.0,0.0,0.53
005,203.7,151.4,249.2,160.1,228.7,146.2,225.3,163.2,404.1,168.1,358.0,169.7,382.6,158.3,381.8,175.0,299.5,310.3,297.8,320.1,295.8,321.2,294.7,334.8,241.8,320.4,358.4,328.2,269.0,123.0,164.1,107.5,341.1,124.0,448.4,128.2,-11.3,2.7,0.8,0.999,0.0,0.0,0.0,0.0,0.53
006,206.6,151.3,251.7,158.7,231.2,144.5,227.7,161.9,405.9,165.7,359.4,167.8,383.3,155.4,383.9,174.1,299.3,306.3,298.6,318.3,295.5,322.5,296.2,343.3,239.5,318.5,358.1,326.6,272.1,120.6,161.9,110.7,341.4,123.5,450.5,127.1,-7.3,3.0,3.3,1.0,0.0,0.0,0.0,0.0,0.77
007,206.7,155.3,250.2,161.5,229.2,147.5,226.8,165.9,404.0,170.2,357.3,171.8,381.0,159.7,381.9,177.8,298.6,311.2,296.8,322.4,296.4,324.8,294.5,340.2,238.4,323.8,356.7,330.1,271.5,124.6,163.1,115.3,336.9,128.7,448.6,132.7,-5.9,3.4,2.7,1.0,0.0,0.0,0.0,0.0,0.77
008,198.0,155.3,247.5,162.6,224.4,148.2,220.0,166.7,404.3,168.5,355.7,169.5,380.3,159.2,382.0,177.0,294.6,313.7,293.6,323.1,291.6,328.9,291.1,347.0,236.1,325.1,356.4,329.9,263.5,127.0,165.5,112.5,333.4,128.5,443.6,129.0,-7.2,2.8,2.0,1.0,0.0,0.0,0.0,0.0,0.75
009,198.8,154.6,244.4,162.6,222.6,148.2,219.3,165.8,399.8,167.5,354.0,171.8,375.8,158.1,378.3,176.1,293.6,310.4,292.8,322.2,292.9,325.1,291.9,342.9,237.7,322.2,350.5,327.5,268.4,126.8,158.0,115.2,333.0,128.1,444.5,129.0,-8.1,2.8,2.1,1.0,0.0,0.0,0.0,0.0,0.76
010,197.0,155.2,244.0,162.6,220.1,149.0,217.4,166.9,396.6,166.1,351.6,169.0,373.4,157.8,374.4,175.2,290.7,312.3,289.2,323.9,286.1,326.6,285.8,344.0,233.2,326.6,351.9,329.8,266.8,125.7,152.0,114.5,329.7,128.0,445.9,129.9,-8.8,2.5,1.2,0.999,0.0,0.0,0.0,0.0,0.75
011,194.6,156.3,238.3,165.2,217.8,149.7,213.2,168.8,393.6,168.3,346.6,172.4,371.4,159.7,371.9,179.2,291.5,314.0,290.5,324.6,286.9,329.2,287.1,347.4,230.2,325.8,348.8,332.6,257.3,127.5,151.9,115.4,327.7,130.7,429.6,129.0,-8.2,2.4,1.5,0.999,0.0,0.0,0.0,0.0,0.75
012,195.3,157.4,239.0,165.0,218.1,153.3,214.6,168.7,397.8,172.9,350.6,174.6,373.7,164.2,375.5,181.0,290.8,318.2,290.3,329.0,287.9,334.5,287.3,348.9,231.5,330.3,351.4,335.4,259.8,127.9,146.3,119.0,330.1,132.2,437.6,131.9,-7.7,2.1,2.3,0.999,0.0,0.0,0.0,0.001,0.74
013,193.9,159.8,240.3,169.0,218.6,151.8,215.4,170.8,398.9,171.6,349.8,175.4,373.6,161.7,377.0,181.0,292.3,318.5,292.7,330.1,288.7,332.5,290.0,352.7,229.9,332.1,351.8,335.0,263.4,130.8,150.3,119.3,322.8,133.5,434.1,128.9,-8.5,2.5,2.1,0.999,0.0,0.0,0.0,0.0,0.75
014,192.3,159.9,238.9,164.9,216.6,150.6,213.7,168.6,394.9,170.2,350.8,172.9,372.7,160.7,374.8,179.1,291.6,315.5,289.1,326.2,287.2,330.6,285.9,350.7,228.9,329.6,350.6,335.1,265.6,129.3,148.3,119.8,326.7,131.4,428.5,129.8,-7.9,2.5,1.7,0.999,0.0,0.0,0.0,0.0,0.75
015,180.1,162.5,229.4,166.7,204.7,153.5,203.1,171.7,387.3,162.7,339.8,166.1,362.8,153.1,363.7,171.2,288.7,310.6,288.6,320.9,285.5,323.8,286.0,342.8,229.7,324.7,351.1,326.1,248.2,126.8,137.8,126.6,308.8,124.1,424.4,124.3,-5.7,0.0,2.4,1.0,0.0,0.0,0.0,0.0,0.76
016,212.3,152.4,260.4,162.3,238.3,147.5,234.2,163.4,413.6,169.5,369.6,169.6,393.0,159.7,392.3,177.2,311.7,309.9,309.6,322.7,308.1,323.2,307.1,340.2,250.4,320.1,366.5,330.1,282.7,124.5,169.0,115.0,349.7,127.2,451.4,135.5,-3.4,4.9,4.7,1.0,0.0,0.0,0.0,0.0,0.75
017,204.4,149.6,254.2,154.4,232.2,143.4,229.3,159.2,409.6,163.2,358.9,162.6,384.2,153.6,384.9,170.3,305.2,304.5,305.1,315.2,303.1,319.0,301.5,337.6,243.8,317.7,365.9,323.7,275.4,119.5,158.0,111.5,343.7,121.0,451.8,124.1,-2.5,2.3,2.5,0.999,0.0,0.0,0.0,0.0,0.76
018,191.4,155.2,239.7,160.3,217.1,147.3,214.3,165.2,395.0,161.6,351.1,163.1,372.8,152.1,374.5,169.1,302.1,304.9,300.6,316.3,300.4,321.3,300.3,340.2,245.5,321.5,363.1,323.3,261.6,119.8,149.1,117.1,333.2,120.7,438.6,124.9,-1.3,1.2,3.5,1.0,0.0,0.0,0.0,0.0,0.77
019,175.6,164.4,222.1,167.8,198.0,157.2,197.6,172.0,376.2,163.0,332.8,168.2,354.9,155.8,356.4,170.4,284.8,310.2,284.5,320.6,282.3,326.4,283.2,344.9,225.0,327.3,344.2,324.8,243.3,129.9,128.7,129.0,314.5,127.1,417.9,122.4,-5.3,-0.5,1.9,0.999,0.0,0.0,0.0,0.0,0.79
020,210.3,155.6,255.0,163.5,234.0,150.6,230.9,166.7,412.9,172.5,367.3,173.3,390.2,163.7,390.6,179.3,307.2,315.0,306.4,323.8,303.8,328.8,304.8,346.3,248.5,322.0,364.0,333.0,279.1,127.7,168.0,115.4,346.9,129.5,451.1,136.6,-4.9,4.2,3.7,0.999,0.0,0.0,0.0,0.0,0.78
021,194.0,155.5,242.5,161.6,221.5,149.9,217.7,165.5,399.8,163.7,355.5,166.9,376.2,156.8,378.3,172.5,301.9,313.3,300.7,323.5,297.1,329.7,295.9,347.0,239.3,324.8,361.6,329.3,263.3,124.4,145.1,118.9,333.9,123.9,442.8,126.3,-2.8,2.0,0.9,1.0,0.0,0.0,0.0,0.0,0.76
022,184.2,158.9,236.1,165.5,211.2,152.2,209.8,169.8,395.4,166.4,346.8,168.5,371.3,157.4,372.4,174.6,292.1,312.6,292.1,322.3,289.3,329.2,289.4,347.9,233.6,325.8,355.9,329.7,250.9,126.1,141.1,122.4,323.9,127.0,435.5,125.9,-1.1,1.9,1.7,1.0,0.0,0.0,0.0,0.0,0.78
023,219.3,163.9,266.8,171.4,245.5,156.4,242.0,173.5,422.7,178.3,376.1,181.0,397.7,169.3,399.7,184.8,320.5,319.8,319.7,329.9,319.0,333.9,319.7,349.9,252.8,327.4,386.1,335.7,288.8,137.8,172.0,125.5,356.8,139.0,461.8,140.4,-4.1,3.3,6.9,1.0,0.0,0.0,0.0,0.0,0.76
024,198.0,157.3,245.2,165.4,224.1,150.9,219.9,166.8,400.5,169.0,353.2,172.2,376.8,159.5,378.0,175.9,298.5,315.6,298.1,323.6,297.9,325.9,297.5,341.6,234.0,319.0,363.5,325.0,261.9,126.0,149.2,120.2,336.4,129.8,443.4,131.0,-0.7,2.2,4.9,0.997,0.0,0.003,0.0,0.0,0.78
025,207.4,165.4,253.2,173.5,232.8,159.9,228.9,177.5,406.7,178.2,363.0,181.0,384.6,171.0,386.1,187.7,306.7,323.8,306.7,332.2,305.1,336.8,305.4,354.7,241.3,327.5,371.5,334.6,275.0,137.1,162.7,125.5,341.8,141.5,445.8,139.4,-4.1,1.9,3.9,0.999,0.0,0.0,0.0,0.0,0.76
026,200.5,159.6,247.1,167.3,226.5,153.6,223.2,171.4,405.4,171.7,359.9,173.1,381.9,161.6,382.6,180.1,302.0,316.6,300.7,326.8,298.6,326.9,298.5,345.7,239.5,325.3,360.8,331.0,270.5,129.5,158.6,117.7,340.8,128.3,446.3,129.0,-2.8,2.1,4.0,0.999,0.0,0.0,0.0,0.0,0.78
027,198.0,162.9,245.7,169.5,223.7,156.5,220.8,172.6,401.0,172.0,355.8,175.5,379.8,164.0,380.3,180.5,299.4,319.0,297.8,328.9,296.4,332.8,295.1,349.9,234.1,328.7,363.3,333.2,266.9,135.3,152.0,123.0,331.7,133.8,446.9,135.3,-3.2,1.4,4.0,0.999,0.0,0.0,0.0,0.0,0.76
028,193.9,160.4,247.0,167.6,221.9,153.1,220.2,169.1,404.5,171.8,351.8,174.7,379.4,161.1,379.6,178.2,307.0,317.7,306.5,326.5,301.7,331.9,304.8,349.3,236.9,323.6,366.3,329.7,269.6,130.1,157.7,116.3,342.3,128.8,441.3,129.9,-3.1,2.4,4.2,1.0,0.0,0.0,0.0,0.0,0.76
029,197.8,159.1,243.8,167.9,222.8,155.5,219.6,171.2,399.6,170.2,351.3,173.0,374.7,161.9,377.1,180.1,297.6,314.1,297.3,325.2,290.3,329.1,290.4,346.9,234.0,322.5,359.2,329.0,263.9,131.5,151.1,125.6,335.5,128.6,436.1,131.8,-2.9,1.4,3.1,0.999,0.0,0.0,0.0,0.0,0.75
030,200.2,150.7,244.2,156.8,222.1,143.0,221.6,159.9,398.0,162.0,355.4,163.7,377.1,151.8,377.1,169.2,297.3,303.6,296.8,314.4,293.8,319.2,293.7,337.7,230.4,310.8,356.5,318.4,266.8,119.4,158.6,110.2,336.2,121.2,441.4,125.6,-3.6,1.9,2.3,0.83,0.0,0.169,0.0,0.0,0.75
031,199.0,156.1,243.3,161.9,222.5,150.1,220.2,165.2,396.5,165.4,352.1,167.8,375.3,156.8,374.8,171.9,296.9,305.7,297.6,317.7,296.7,323.0,296.9,341.5,232.7,317.6,362.5,317.7,264.1,127.5,158.2,119.8,335.3,126.9,435.1,126.2,-2.5,1.7,2.2,0.943,0.0,0.056,0.0,0.0,0.76
032,202.6,155.8,247.9,162.3,228.3,149.5,223.9,165.6,401.6,166.1,355.8,170.5,379.1,157.9,380.0,174.6,304.2,308.6,302.1,318.9,298.0,318.4,294.5,337.2,234.9,314.3,363.1,318.2,273.1,130.3,155.9,115.2,346.5,129.0,447.4,130.6,-4.8,2.0,2.2,0.944,0.0,0.055,0.0,0.0,0.75
033,202.9,157.1,246.8,165.2,227.5,151.9,222.3,168.7,400.5,167.3,355.5,171.2,377.7,159.3,379.8,177.1,299.7,310.0,299.4,320.9,297.1,322.5,296.3,339.8,234.9,318.3,364.8,322.4,268.5,133.7,161.4,114.7,334.2,131.9,438.0,127.9,-4.2,1.7,2.6,0.963,0.0,0.037,0.0,0.0,0.77
034,197.1,159.8,243.9,166.2,222.6,152.6,218.8,170.2,399.6,169.7,353.4,172.1,376.4,159.4,377.1,177.9,300.3,311.6,299.2,322.7,295.4,325.0,293.9,342.9,234.7,319.9,361.9,324.9,264.8,132.7,153.7,117.6,336.7,132.6,443.4,132.4,-4.8,1.8,2.3,0.934,0.0,0.063,0.0,0.0,0.77
035,194.9,161.4,239.6,169.5,220.6,157.5,215.7,173.6,397.8,173.0,350.3,175.5,374.0,163.6,374.4,181.0,294.4,315.0,294.6,325.1,294.5,328.9,294.6,348.8,231.3,322.9,354.5,327.8,266.0,134.9,146.8,123.1,335.6,134.7,443.2,132.7,-5.3,1.7,2.0,0.975,0.0,0.024,0.0,0.0,0.77
036,190.7,162.1,234.6,170.3,212.5,156.1,209.3,173.5,388.7,173.7,347.8,176.1,369.7,166.2,369.1,180.6,291.1,316.2,289.4,326.5,286.4,332.8,285.2,350.0,222.6,324.1,352.2,330.0,257.9,134.2,139.6,120.7,330.9,137.0,435.8,134.6,-6.5,2.3,2.2,0.995,0.0,0.003,0.0,0.0,0.78
037,189.3,163.8,235.1,172.5,213.8,157.7,209.5,174.5,389.3,173.0,345.5,177.0,368.8,164.7,369.2,181.4,290.5,317.7,288.8,329.3,286.6,333.4,286.0,351.3,224.0,328.7,351.1,333.1,257.0,133.5,136.0,123.8,324.6,137.0,431.7,131.6,-6.9,1.9,2.6,0.997,0.0,0.002,0.0,0.0,0.77
038,193.0,161.4,241.1,168.8,216.8,154.7,214.4,172.9,396.5,172.0,349.6,175.9,370.7,162.2,373.4,181.2,290.4,317.1,290.3,328.4,287.7,332.2,287.6,350.4,226.3,328.2,353.5,332.0,260.8,133.2,144.3,121.6,331.3,132.3,438.0,131.3,-6.1,1.9,2.3,0.999,0.0,0.0,0.0,0.0,0.79
039,193.5,161.0,238.6,169.0,218.1,154.8,214.6,171.7,394.1,171.2,348.4,174.2,370.1,161.5,371.1,179.9,291.6,314.1,291.1,325.4,292.1,328.2,292.1,347.6,227.2,325.2,356.0,329.9,258.5,132.3,145.1,115.4,329.6,132.6,434.2,128.8,-5.1,1.5,2.6,0.999,0.0,0.0,0.0,0.0,0.79
040,189.9,169.1,233.6,175.3,215.0,163.8,211.4,180.3,390.9,175.8,347.5,180.1,369.0,170.6,371.1,185.4,292.2,326.1,291.8,336.2,288.0,344.5,288.2,361.6,226.9,336.5,351.7,341.0,253.3,139.3,142.7,127.3,326.1,137.3,425.0,132.2,-6.6,1.3,3.0,1.0,0.0,0.0,0.0,0.0,0.78
041,194.3,163.4,239.0,171.6,218.8,159.1,215.7,175.7,396.3,175.5,348.5,179.0,372.6,167.6,373.8,184.2,294.1,320.7,293.1,330.9,293.8,333.8,293.3,350.1,232.7,330.0,351.6,337.0,261.4,136.6,145.5,124.2,333.2,133.9,439.8,135.6,-5.0,1.5,3.4,1.0,0.0,0.0,0.0,0.0,0.78
042,196.1,159.3,242.8,168.0,221.7,154.9,218.6,170.7,399.0,172.0,353.5,173.8,375.6,163.6,376.8,180.1,299.3,317.2,298.8,325.5,294.3,330.1,295.3,347.2,232.4,326.3,355.9,332.0,265.8,129.8,151.5,119.6,334.6,131.0,442.4,129.9,-4.5,1.8,3.6,1.0,0.0,0.0,0.0,0.0,0.79
043,193.3,168.9,238.6,176.4,218.4,161.8,213.6,180.3,395.9,179.4,350.2,182.1,372.6,169.8,374.0,188.4,294.1,330.2,293.0,339.6,291.2,341.1,291.0,358.9,229.3,337.2,355.4,342.2,260.6,142.4,151.2,125.4,321.9,143.1,434.2,137.1,-12.2,2.2,0.7,1.0,0.0,0.0,0.0,0.0,0.76
044,195.6,165.3,241.5,172.2,219.9,156.9,216.0,178.9,397.4,171.9,351.2,176.9,373.7,163.2,376.2,183.8,298.6,324.7,298.3,332.6,295.3,337.2,296.0,351.1,233.9,332.6,361.1,334.5,257.7,131.3,154.7,119.8,334.8,132.8,435.6,128.5,-6.3,0.9,3.1,1.0,0.0,0.0,0.0,0.0,0.79
045,199.2,172.6,244.9,180.9,223.9,166.1,220.5,185.7,403.5,184.0,355.6,188.3,378.8,174.8,381.4,195.2,298.0,331.2,296.5,343.4,293.1,344.9,292.0,361.9,235.0,336.2,357.5,341.3,265.4,148.3,159.7,127.7,328.7,150.9,441.4,146.0,-10.3,1.3,1.6,1.0,0.0,0.0,0.0,0.0,0.76
046,195.3,167.6,239.6,174.7,221.1,160.8,216.0,180.4,398.0,179.1,351.3,183.6,374.6,169.9,376.3,189.6,294.6,329.2,294.2,338.3,292.2,341.8,291.2,358.0,232.7,334.8,350.9,339.3,262.6,139.9,153.7,125.3,332.9,138.9,432.7,136.3,-10.4,1.4,2.0,1.0,0.0,0.0,0.0,0.0,0.76
047,189.5,169.3,236.8,176.1,214.9,159.9,211.0,179.7,396.1,178.4,347.0,183.2,370.1,167.9,372.9,188.1,287.3,325.4,287.2,336.4,284.5,342.4,284.7,362.9,221.2,331.2,354.9,335.1,256.7,139.0,151.8,128.0,326.9,139.2,424.2,135.7,-11.1,1.7,0.7,0.99,0.0,0.005,0.0,0.0,0.76
048,197.5,159.2,242.0,165.5,221.4,153.6,217.6,169.0,396.6,170.9,352.1,174.5,374.4,163.3,375.2,179.3,293.3,314.4,293.0,325.5,289.9,330.6,289.6,347.4,227.8,323.5,354.5,329.8,265.8,133.4,152.7,119.0,332.9,133.3,441.4,131.1,-8.1,1.8,2.3,0.999,0.0,0.0,0.0,0.0,0.79
049,192.2,158.8,236.6,165.9,215.1,153.0,212.6,168.9,394.0,168.3,346.5,173.1,368.7,159.2,371.7,176.7,290.6,313.9,291.2,323.6,290.8,327.0,292.4,344.0,227.7,324.3,352.9,327.9,257.2,131.2,148.2,117.3,324.8,131.1,434.1,125.0,-7.1,1.8,1.7,0.999,0.0,0.0,0.0,0.0,0.79
050,179.8,160.3,230.2,168.8,205.3,150.8,203.6,172.2,386.8,169.7,335.2,173.9,361.0,157.6,363.5,177.9,279.5,315.1,280.1,327.5,281.3,325.9,282.0,342.3,222.5,326.9,345.3,327.8,259.7,131.2,151.5,117.4,311.2,133.1,426.5,132.5,-5.4,1.4,2.3,1.0,0.0,0.0,0.0,0.0,0.79
051,187.9,159.8,231.4,167.0,211.0,152.8,207.5,172.0,388.0,170.0,342.1,172.4,363.8,159.7,365.2,180.2,284.6,314.7,283.8,324.3,280.8,330.0,279.3,348.8,219.8,325.4,347.2,330.7,247.5,127.2,148.0,119.9,324.3,130.9,424.0,132.5,-6.1,2.1,1.6,0.999,0.0,0.0,0.0,0.0,0.78
052,193.2,160.9,239.2,167.4,218.1,154.9,215.5,171.0,395.1,171.4,346.7,174.8,371.3,162.0,373.5,178.9,289.9,316.9,289.6,326.6,287.9,327.5,287.6,347.7,229.9,324.5,352.1,329.5,255.8,131.4,148.8,119.6,331.5,133.7,435.9,133.2,-6.2,1.7,2.8,1.0,0.0,0.0,0.0,0.0,0.79
053,192.0,158.2,238.2,167.0,217.3,153.4,213.6,168.6,393.9,168.6,345.8,171.8,368.5,160.4,370.4,176.5,288.5,312.7,288.1,321.3,287.5,324.8,288.0,343.0,228.3,322.4,349.0,327.7,254.4,129.9,154.2,119.9,325.0,130.9,432.9,130.2,-7.5,1.6,2.4,1.0,0.0,0.0,0.0,0.0,0.79
054,191.3,157.6,238.6,165.5,218.3,150.9,214.3,169.8,391.7,169.6,344.2,173.5,367.4,159.5,369.6,178.0,289.2,311.5,289.0,322.3,287.8,327.9,287.3,347.5,227.9,321.5,349.6,327.7,255.9,131.7,154.0,117.3,325.7,132.6,432.5,132.0,-5.1,1.7,3.9,1.0,0.0,0.0,0.0,0.0,0.79
055,187.9,157.9,231.7,162.8,211.2,152.3,208.9,167.9,390.8,169.1,346.1,170.4,367.0,159.8,369.2,177.3,287.9,312.0,287.8,323.4,284.3,331.4,283.2,346.5,223.8,319.6,347.7,327.3,252.5,129.0,143.3,120.0,326.7,132.0,426.3,131.2,-4.7,2.2,3.2,1.0,0.0,0.0,0.0,0.0,0.78
056,185.2,159.2,230.5,167.8,209.4,152.6,205.0,169.8,384.0,168.8,340.8,173.5,360.8,159.1,363.8,176.5,283.4,315.7,282.5,323.5,281.6,325.9,280.1,342.5,221.1,323.9,343.0,327.6,247.3,131.1,141.3,121.6,319.2,132.2,424.2,128.7,-7.6,1.4,3.0,1.0,0.0,0.0,0.0,0.0,0.8
057,185.6,160.9,229.0,168.4,208.0,155.4,204.7,171.9,387.2,170.5,340.5,174.4,363.0,161.5,364.7,178.4,283.4,315.4,283.7,325.5,280.4,332.4,279.3,348.1,220.3,326.6,346.8,330.6,249.1,132.8,145.3,120.6,322.1,133.9,427.2,128.4,-6.3,2.0,1.5,0.999,0.0,0.0,0.0,0.0,0.79
058,186.7,158.6,229.3,165.1,208.4,152.4,206.3,169.0,384.5,166.8,339.1,171.0,361.5,158.7,364.1,176.0,284.5,313.1,283.5,326.1,279.6,332.8,277.7,354.5,224.0,326.0,346.4,331.0,246.9,129.0,144.3,119.3,318.6,128.9,427.3,127.2,-6.0,1.3,2.6,0.999,0.0,0.0,0.0,0.0,0.78
059,191.8,158.5,240.6,164.3,217.5,151.5,214.9,167.7,393.5,168.2,346.5,171.9,369.6,159.4,371.1,175.6,292.1,311.1,290.9,322.7,288.1,327.8,286.9,345.9,228.3,322.5,352.1,327.6,262.9,128.2,151.2,116.3,324.6,127.6,438.0,128.4,-6.1,1.9,3.0,0.999,0.0,0.0,0.0,0.0,0.8
060,203.3,157.2,246.5,165.2,227.2,151.8,223.8,167.9,402.4,171.0,354.9,173.4,378.6,161.8,379.7,178.4,299.3,311.7,297.6,321.7,294.2,327.2,294.1,344.2,235.8,322.1,357.5,328.8,268.7,130.1,160.6,117.2,333.0,131.9,440.8,126.7,-4.4,2.5,4.1,1.0,0.0,0.0,0.0,0.0,0.82
061,205.8,157.7,247.3,164.6,227.2,152.1,223.7,168.9,400.6,169.7,356.2,172.4,376.8,161.6,378.1,177.9,298.8,311.2,298.0,322.8,295.3,325.3,295.3,344.0,238.9,322.7,359.1,331.0,271.7,129.8,158.3,118.2,333.2,132.4,438.6,130.2,-5.3,2.4,3.2,0.999,0.0,0.0,0.0,0.0,0.81
062,207.6,157.8,250.6,165.1,230.2,152.0,227.2,168.3,404.8,171.5,360.8,173.1,382.1,162.2,383.6,179.5,299.7,311.8,299.5,323.9,297.8,327.2,297.7,347.9,242.5,322.5,359.3,331.0,270.6,130.3,162.3,117.9,339.9,133.1,437.6,129.1,-4.4,2.2,4.4,1.0,0.0,0.0,0.0,0.0,0.8
063,188.6,158.3,232.6,165.5,212.2,153.0,209.4,168.8,387.1,168.2,342.4,172.7,365.1,161.0,367.6,177.0,287.6,314.2,286.6,323.8,282.6,325.7,282.1,344.4,226.0,325.1,344.0,330.0,253.3,130.9,145.5,117.9,319.1,130.9,427.5,125.8,-5.7,2.0,2.4,0.999,0.0,0.0,0.0,0.0,0.8
064,190.3,159.1,236.7,166.4,215.4,153.3,213.0,168.9,391.1,168.5,344.3,172.6,367.6,159.8,369.5,175.7,291.6,312.5,290.8,321.5,289.2,323.3,287.5,337.8,229.0,323.5,350.7,327.9,254.4,130.8,141.4,118.1,330.4,134.1,433.3,132.5,-5.0,1.3,4.2,0.999,0.0,0.0,0.0,0.0,0.8
065,191.6,156.6,236.1,164.9,215.4,151.2,210.3,166.4,391.0,167.2,346.1,169.4,367.3,158.0,368.6,175.5,289.0,310.8,288.1,321.3,285.3,325.1,285.6,341.8,228.3,321.9,350.3,327.7,253.5,128.9,146.6,118.7,324.9,131.2,429.7,126.8,-4.8,1.5,3.1,0.999,0.0,0.0,0.0,0.0,0.81
066,193.4,156.9,237.0,164.5,214.3,151.5,213.4,168.3,390.6,166.3,346.8,170.1,368.3,158.4,370.5,175.6,289.7,311.8,289.3,321.1,288.4,325.3,288.5,343.4,232.2,324.6,351.2,330.7,255.4,126.4,149.3,117.8,321.6,128.9,428.1,127.5,-4.6,1.9,3.6,0.999,0.0,0.0,0.0,0.001,0.81
067,192.2,157.3,237.3,165.0,216.9,151.5,213.1,168.3,389.2,166.3,345.2,169.7,367.4,157.7,368.6,174.1,289.0,309.3,287.9,318.7,286.1,322.9,284.2,339.8,230.3,322.8,344.8,326.5,254.1,126.4,149.2,115.8,321.8,128.4,421.9,125.9,-4.4,1.6,4.4,0.999,0.0,0.0,0.0,0.001,0.82
068,191.5,157.3,235.7,163.4,216.4,152.4,212.9,167.5,391.0,167.1,345.8,169.5,366.5,158.9,368.5,174.5,289.7,311.0,289.9,321.1,286.8,324.5,287.5,340.8,231.8,326.3,349.6,329.6,255.2,128.4,154.0,117.7,323.2,127.8,426.1,122.9,-5.3,2.2,2.4,0.998,0.0,0.0,0.0,0.002,0.79
069,197.2,158.3,239.0,166.3,219.9,153.7,216.0,169.7,394.4,168.4,351.3,171.3,372.2,161.3,372.6,177.3,291.0,314.0,290.4,323.7,288.7,327.9,288.0,343.8,232.8,326.7,353.0,331.7,257.1,127.4,152.5,114.5,328.9,130.1,434.4,124.8,-5.0,1.9,3.2,0.999,0.0,0.0,0.0,0.001,0.79
070,196.9,159.5,239.9,166.0,220.1,153.7,217.1,169.8,397.3,168.5,350.6,172.6,373.1,160.0,374.8,177.6,293.9,313.4,293.6,322.4,289.4,325.4,289.7,342.2,234.3,323.3,349.7,329.6,260.2,127.9,151.6,120.1,331.3,128.8,435.0,128.1,-6.2,1.5,4.5,0.999,0.0,0.0,0.0,0.001,0.82
071,196.0,158.4,239.8,164.5,219.0,152.3,216.0,168.8,393.5,169.5,349.4,172.8,371.4,161.2,373.4,177.9,292.8,315.2,291.6,324.4,291.0,326.8,288.9,344.6,234.5,326.8,353.2,332.1,256.1,128.1,152.1,118.9,330.2,131.6,435.0,128.0,-5.9,2.1,3.0,0.999,0.0,0.0,0.0,0.001,0.8
072,193.9,158.7,237.7,167.1,218.0,153.1,213.8,170.3,392.9,169.7,347.1,171.7,369.6,159.1,372.2,178.7,291.0,314.4,291.4,324.8,289.3,327.9,290.0,346.2,234.9,326.4,351.1,330.6,255.2,130.0,151.1,116.4,326.2,130.3,435.2,130.7,-4.0,1.6,4.1,0.999,0.0,0.0,0.0,0.0,0.81
073,197.2,157.1,244.3,166.0,222.3,152.4,218.0,168.5,397.5,167.6,351.1,171.1,375.4,160.0,376.8,176.5,291.7,311.2,290.7,324.1,290.4,329.7,289.1,347.4,234.2,324.8,350.8,331.2,263.4,129.7,156.6,118.3,331.7,132.0,448.4,127.6,-5.9,1.6,3.7,0.999,0.0,0.0,0.0,0.001,0.8
074,193.3,160.2,237.5,166.5,216.7,153.4,214.2,168.8,391.3,168.7,345.1,172.4,368.0,160.1,370.6,176.6,293.4,314.8,293.2,323.4,291.3,329.6,290.7,346.4,231.2,327.1,352.7,330.6,259.8,130.2,143.4,120.5,323.7,130.7,432.1,127.4,-6.5,1.4,3.0,0.999,0.0,0.0,0.0,0.001,0.8
075,196.8,158.6,237.4,166.7,219.4,152.6,215.9,170.7,392.2,168.6,349.3,170.9,370.7,158.8,371.1,176.7,294.6,313.0,293.8,325.5,292.3,328.5,290.8,348.5,231.5,327.4,351.3,333.5,256.6,127.1,149.9,111.1,328.0,128.7,432.4,122.2,-5.4,1.8,2.3,0.999,0.0,0.0,0.0,0.001,0.79
076,192.6,158.3,235.3,163.8,213.9,151.7,211.0,167.8,390.2,166.9,343.5,170.4,365.1,158.4,367.4,175.8,290.2,311.3,291.0,322.0,290.8,327.0,290.3,342.4,233.9,325.4,346.4,329.5,252.0,127.2,149.0,119.0,322.7,127.7,427.4,126.8,-4.2,1.3,4.3,0.999,0.0,0.0,0.0,0.0,0.82
077,191.1,158.2,237.4,165.0,215.3,150.9,213.1,168.8,394.9,168.2,347.5,171.0,371.5,157.9,372.8,176.9,288.5,313.7,287.8,322.9,284.9,327.5,285.7,344.2,229.4,326.7,347.6,331.5,254.4,127.5,151.8,118.9,321.1,127.8,431.5,125.4,-4.9,2.2,2.6,0.999,0.0,0.0,0.0,0.001,0.79
078,195.0,157.4,239.1,164.9,218.8,150.6,214.6,168.6,396.1,170.0,349.7,170.1,372.8,158.6,373.5,178.1,292.8,313.5,291.9,322.7,287.0,329.9,285.6,346.5,229.9,327.3,353.8,333.4,257.3,128.7,152.1,119.4,324.5,131.5,435.8,132.3,-5.2,1.7,3.1,0.999,0.0,0.0,0.0,0.001,0.78
079,189.7,157.4,236.4,165.6,214.3,151.4,211.5,168.4,394.0,168.9,347.3,172.4,368.6,159.2,371.3,177.3,290.1,313.0,289.5,323.3,287.9,328.1,286.9,346.6,232.1,325.5,351.1,330.2,252.1,126.5,145.2,118.3,329.1,126.2,431.0,125.0,-5.1,1.3,2.7,0.999,0.0,0.0,0.0,0.001,0.8
080,193.9,157.5,238.1,164.2,218.0,151.4,214.0,167.9,392.3,168.4,346.9,171.6,368.9,159.0,370.8,176.7,293.3,311.3,292.2,322.2,291.4,327.5,289.9,346.7,231.4,326.0,350.8,330.2,255.3,129.0,149.7,119.2,328.2,131.5,432.6,131.9,-4.9,1.9,2.8,0.999,0.0,0.0,0.0,0.001,0.79
081,196.0,158.3,237.5,165.6,217.2,153.0,215.4,168.9,392.1,168.2,348.1,171.3,368.8,160.1,371.4,176.8,294.2,313.5,293.5,324.2,291.8,327.5,290.8,345.0,234.8,326.2,353.3,331.8,258.0,131.3,147.8,122.5,329.2,133.9,435.8,130.3,-4.8,1.9,4.1,0.999,0.0,0.0,0.0,0.001,0.8
082,194.8,157.7,240.7,166.5,218.5,152.3,215.9,168.5,394.7,169.5,348.9,173.2,371.5,161.4,374.2,177.4,292.6,310.9,293.0,322.0,292.2,322.7,292.6,342.8,234.1,326.5,350.3,328.2,261.3,130.3,149.3,117.9,330.0,133.0,433.6,129.5,-5.6,1.5,4.4,0.999,0.0,0.0,0.0,0.0,0.8
083,194.1,160.1,237.8,165.4,216.5,153.0,212.6,170.2,391.8,169.4,348.1,172.2,368.3,160.7,370.3,178.0,292.3,313.6,290.9,324.4,287.5,329.7,285.6,347.2,233.3,327.5,349.7,332.5,254.9,130.9,148.4,122.8,326.8,132.4,428.9,131.2,-5.0,1.8,3.2,0.999,0.0,0.0,0.0,0.001,0.79
084,195.8,159.2,240.8,166.2,220.2,154.4,218.0,169.6,394.7,170.6,349.4,173.1,372.3,161.7,373.7,178.4,291.4,314.3,289.5,324.0,288.2,328.4,288.0,342.3,238.2,326.0,350.3,330.6,257.0,132.5,149.8,121.0,330.4,131.0,431.2,132.2,-5.0,1.4,4.3,0.999,0.0,0.0,0.0,0.001,0.81
085,192.2,157.2,237.1,165.2,216.6,151.5,212.4,168.7,394.1,170.1,348.8,172.2,370.7,160.3,371.3,178.6,290.1,313.1,289.1,322.4,288.1,326.7,288.0,344.5,233.4,326.2,354.1,331.1,256.6,129.1,147.2,117.6,328.7,132.1,432.1,128.0,-4.8,2.0,4.4,0.999,0.0,0.0,0.0,0.001,0.8
086,195.7,159.3,240.1,167.5,219.3,153.4,215.6,171.2,395.4,171.0,348.3,173.1,373.6,159.5,374.2,179.5,295.4,312.9,293.8,324.7,293.9,327.5,293.9,344.9,233.5,325.1,353.0,331.6,260.7,130.6,148.2,117.2,327.1,132.4,436.9,130.0,-5.4,1.8,3.7,0.999,0.0,0.0,0.0,0.001,0.81
087,192.9,156.7,238.4,166.9,218.3,153.0,214.9,169.9,391.4,170.4,347.0,171.5,369.9,160.3,370.9,179.7,290.0,312.9,289.0,324.4,286.5,328.9,285.8,348.0,227.8,326.1,352.3,333.4,258.5,130.1,144.4,113.7,328.3,131.1,436.4,130.2,-5.8,2.2,3.3,0.999,0.0,0.0,0.0,0.001,0.8
088,196.3,156.2,240.9,164.5,220.9,150.3,217.4,166.7,395.4,168.5,352.3,171.3,374.6,160.2,377.0,176.7,294.1,311.2,293.8,322.5,290.7,324.0,290.5,343.3,230.3,324.2,353.8,330.2,262.4,127.3,151.2,115.0,331.5,129.8,437.9,125.9,-4.9,2.3,3.3,0.999,0.0,0.0,0.0,0.001,0.8
089,199.2,155.6,240.8,163.2,221.3,150.1,217.9,166.1,392.8,168.4,350.1,172.1,371.5,160.7,373.5,176.4,292.9,312.2,291.7,322.9,288.6,327.0,287.6,344.5,232.8,322.8,349.0,329.9,259.9,129.5,148.8,117.3,330.6,132.5,432.3,130.9,-5.5,1.8,4.5,0.999,0.0,0.0,0.0,0.001,0.82
090,196.6,156.3,243.5,163.3,220.3,149.2,218.4,166.2,400.3,167.7,350.8,169.0,374.2,157.0,376.9,175.1,291.2,309.0,290.8,320.5,288.3,324.5,288.3,342.6,232.4,324.0,353.8,329.8,258.4,127.9,157.8,112.4,331.3,129.8,438.7,124.1,-3.4,1.9,4.0,0.999,0.0,0.0,0.0,0.001,0.8
091,168.9,268.3,221.7,275.1,195.9,260.4,193.7,279.3,387.2,275.5,341.1,281.5,364.8,267.4,365.9,286.9,280.0,443.9,279.3,452.0,273.7,473.8,273.0,484.1,212.6,444.2,350.1,446.3,246.4,226.4,137.0,214.4,321.5,226.8,421.9,226.3,-21.1,1.9,-2.9,0.996,0.001,0.0,0.0,0.002,0.44
092,168.6,265.5,223.0,274.3,196.7,259.3,194.6,281.1,395.4,276.7,340.1,281.8,367.8,270.7,368.8,290.5,280.3,442.7,280.3,454.8,278.1,465.1,278.6,487.5,217.9,444.9,349.9,450.6,249.8,236.9,131.6,220.8,332.9,232.4,433.7,223.8,-18.6,1.3,-3.8,0.995,0.001,0.0,0.0,0.004,0.44
093,169.0,270.6,222.5,279.9,194.3,266.3,193.9,284.3,391.6,277.7,341.6,283.9,365.8,271.3,367.3,289.4,277.2,449.2,277.2,458.4,278.6,465.1,279.5,481.7,213.9,446.6,347.1,448.4,242.5,237.4,136.8,220.1,329.3,239.4,429.0,223.6,-19.4,1.1,-3.5,0.993,0.002,0.0,0.0,0.005,0.45
094,176.8,280.6,230.1,286.2,202.5,271.1,201.8,292.5,389.8,283.4,333.4,284.9,363.2,273.4,363.4,293.0,279.3,446.7,279.1,456.9,276.5,462.4,277.8,479.3,215.6,449.8,350.6,452.4,241.0,248.1,142.2,221.2,310.0,251.2,431.2,236.4,-21.4,0.0,-3.3,0.994,0.002,0.0,0.0,0.003,0.46
095,179.4,289.7,229.1,293.3,203.5,275.1,202.9,297.1,385.5,288.8,329.7,294.4,356.9,279.6,359.0,298.1,280.2,453.3,280.5,464.3,278.3,474.5,279.5,491.5,214.2,457.3,349.9,459.1,252.1,258.2,142.6,244.2,301.3,262.5,420.3,251.7,-22.6,0.8,-2.1,0.997,0.001,0.0,0.0,0.002,0.46
096,158.8,266.4,212.8,274.9,188.3,261.5,185.3,279.4,378.8,273.4,329.0,280.1,353.4,267.5,355.8,284.6,271.6,440.7,269.8,451.8,265.7,461.8,264.5,481.7,210.3,438.7,331.2,446.3,238.6,236.7,130.5,218.0,290.0,241.6,413.3,228.5,-24.4,0.0,-2.9,0.996,0.001,0.0,0.0,0.003,0.77
097,172.2,265.1,219.0,271.5,197.3,258.3,194.3,279.5,386.1,273.1,335.7,277.6,360.9,265.3,361.9,283.3,275.3,436.7,274.7,447.7,273.6,466.8,272.4,485.5,216.9,442.5,342.5,441.2,252.7,236.1,145.3,213.0,299.4,238.0,422.1,226.4,-25.1,0.9,-1.1,0.999,0.0,0.0,0.0,0.001,0.79
098,162.6,265.3,215.9,270.7,193.4,258.8,187.5,277.0,380.3,268.8,332.1,276.0,358.2,266.1,358.7,281.3,278.6,434.4,274.7,450.1,273.7,446.0,270.6,477.0,218.7,436.9,331.8,442.9,243.2,229.0,124.2,215.1,300.1,236.6,414.3,224.7,-23.2,1.5,-1.9,0.998,0.0,0.0,0.0,0.001,0.8
099,177.3,272.4,220.0,273.9,199.0,262.9,198.1,280.5,385.1,276.0,332.0,278.8,360.0,266.3,360.3,286.0,275.1,439.7,276.2,449.0,274.3,467.6,275.5,484.5,209.2,441.3,346.1,445.6,249.6,238.3,140.8,219.4,295.5,239.5,409.8,236.9,-26.8,1.6,-0.7,0.998,0.0,0.0,0.0,0.002,0.79
100,181.7,273.2,224.4,275.2,202.4,263.5,202.1,280.3,378.9,275.5,334.1,279.3,356.6,269.2,357.3,283.2,271.4,433.7,271.5,446.2,268.7,455.6,269.1,477.8,210.8,439.6,336.5,444.6,248.7,233.6,152.8,221.2,300.7,237.8,416.4,233.2,-23.9,2.7,-1.3,0.988,0.01,0.0,0.0,0.002,0.81
101,169.1,265.6,215.6,271.4,193.9,258.5,192.9,276.7,382.4,271.6,335.3,277.4,360.0,266.0,360.9,283.9,274.8,436.8,273.1,445.5,273.3,470.0,273.7,486.5,212.9,438.8,342.6,440.9,239.6,233.6,133.1,220.2,298.0,237.6,418.3,222.1,-25.2,0.6,-1.3,0.999,0.0,0.0,0.0,0.001,0.78
102,166.7,263.9,217.3,272.1,194.3,258.4,189.5,277.6,382.7,273.7,325.8,279.3,358.0,266.5,357.8,286.5,272.3,438.0,272.0,451.0,273.4,453.8,273.8,474.5,209.5,438.7,344.6,444.7,241.8,239.0,139.8,216.0,293.1,244.8,414.9,238.1,-23.1,0.5,-2.9,0.999,0.0,0.0,0.0,0.001,0.78
103,165.4,268.7,219.6,276.3,196.2,262.9,192.2,282.7,385.7,278.3,332.6,284.1,361.6,270.8,362.3,291.3,276.8,442.7,275.2,452.6,274.0,461.7,271.9,484.2,212.9,442.3,340.5,451.2,245.5,243.2,133.6,222.0,297.3,243.7,417.1,244.4,-26.4,0.7,-2.9,0.993,0.002,0.0,0.0,0.005,0.78
104,176.6,267.0,221.2,270.7,199.3,261.0,199.2,277.4,388.3,272.9,338.8,275.9,366.1,266.8,365.1,281.2,278.2,437.3,276.1,446.8,276.4,462.4,277.0,478.7,214.5,441.7,347.0,443.0,250.6,235.8,146.0,216.8,307.1,236.5,420.1,224.6,-25.0,0.4,-1.4,0.998,0.0,0.0,0.0,0.001,0.79
105,176.0,273.4,225.5,275.5,201.7,262.8,200.4,281.2,390.7,277.0,338.9,280.1,365.1,269.7,367.7,284.9,275.7,439.7,275.9,450.6,272.8,456.2,273.0,475.4,212.2,442.9,349.1,447.1,247.4,239.3,156.7,223.4,299.4,244.9,412.2,241.1,-25.6,0.4,-2.8,0.997,0.0,0.0,0.0,0.002,0.73
106,174.4,268.8,221.7,274.2,199.7,261.7,198.3,279.7,387.2,273.5,339.1,280.5,363.3,268.0,364.8,283.2,276.3,440.3,275.8,447.5,274.7,470.1,276.1,482.1,215.0,440.5,343.7,442.1,250.7,236.3,145.2,217.9,305.3,239.7,416.7,222.9,-25.0,1.2,-2.6,0.998,0.0,0.0,0.0,0.001,0.77
107,171.4,272.8,216.8,277.7,195.5,266.3,193.8,282.8,382.1,277.9,331.1,281.8,358.7,271.2,359.1,288.2,270.4,443.4,271.2,454.2,268.8,455.0,268.8,472.2,216.2,443.3,334.1,446.6,245.6,245.4,149.3,222.7,284.9,248.6,405.4,234.2,-24.2,0.5,-2.1,0.997,0.0,0.0,0.0,0.002,0.8
108,168.2,264.1,216.1,273.9,194.7,260.2,190.6,278.0,386.5,274.0,337.6,279.7,362.2,267.3,361.8,284.4,275.9,438.2,275.5,447.5,274.8,454.6,275.4,473.9,208.3,438.2,340.1,441.9,246.1,236.5,137.5,214.5,305.7,237.4,411.9,223.8,-24.9,0.7,-2.7,0.998,0.0,0.0,0.0,0.001,0.77
109,169.6,267.0,220.0,275.2,195.5,262.5,192.5,279.3,385.3,278.6,334.6,282.2,361.5,271.2,361.6,287.1,276.5,440.1,275.0,451.6,274.9,459.5,273.2,482.8,214.1,440.3,339.6,444.9,253.2,232.9,131.9,213.5,301.6,240.5,416.4,229.9,-24.6,0.9,-1.8,0.999,0.0,0.0,0.0,0.001,0.79
110,176.8,271.1,220.8,282.1,201.2,268.2,197.1,283.3,386.1,282.0,339.7,288.8,362.7,274.4,363.9,290.9,277.3,445.8,277.2,456.9,278.5,460.0,277.6,483.0,221.0,445.8,341.9,448.7,250.4,238.1,143.2,216.4,296.5,248.0,420.7,232.2,-25.3,0.2,-1.5,0.997,0.0,0.0,0.0,0.002,0.78
111,171.7,269.8,225.9,280.1,203.1,266.5,197.2,285.4,392.5,278.4,343.4,285.3,367.4,274.2,369.8,292.3,281.7,445.0,280.8,454.5,282.3,455.2,281.6,476.1,221.4,442.5,344.7,448.4,249.5,240.2,139.8,218.7,303.3,246.3,420.1,224.3,-27.0,-0.6,-2.5,0.997,0.001,0.0,0.0,0.002,0.77
112,180.5,262.2,227.4,269.4,204.5,256.9,203.4,274.3,393.4,273.3,345.4,275.0,369.7,265.8,370.4,281.9,281.1,438.6,280.7,449.0,279.7,462.2,279.3,484.0,217.7,438.9,344.7,443.8,261.2,225.2,154.9,209.8,316.5,232.3,426.1,225.7,-22.7,1.4,-0.8,0.999,0.0,0.0,0.0,0.001,0.78
113,175.7,254.0,223.4,263.0,200.8,250.3,197.8,268.1,387.0,264.2,334.4,268.8,361.8,256.9,362.1,274.6,281.1,429.1,280.2,438.4,280.9,461.4,280.4,480.2,220.8,432.7,344.6,435.6,254.8,229.5,142.9,199.4,298.0,231.8,422.6,213.1,-23.5,-0.2,-0.5,0.998,0.001,0.0,0.0,0.001,0.8
114,171.9,249.8,222.0,256.2,198.9,241.6,195.8,263.1,388.4,256.6,338.8,260.9,363.2,249.3,365.4,267.6,274.5,418.1,274.1,427.4,273.2,430.0,273.9,449.2,218.5,421.2,344.2,427.3,249.0,219.3,141.3,196.8,301.2,224.1,420.9,212.2,-24.0,1.0,-0.8,0.991,0.006,0.0,0.0,0.002,0.79
115,160.5,251.7,210.4,258.5,189.0,245.6,184.2,265.0,374.3,257.9,324.8,263.5,351.0,252.3,352.0,269.5,269.5,422.3,268.2,430.8,268.9,452.9,269.5,471.7,208.1,425.9,331.9,428.1,239.2,221.5,125.7,204.0,291.2,222.4,408.7,212.2,-26.2,1.0,-0.4,0.964,0.031,0.0,0.0,0.003,0.79
116,168.7,251.4,215.1,257.8,193.9,245.1,190.2,264.0,379.1,258.0,328.3,264.0,356.6,251.3,356.1,269.7,274.3,423.1,273.2,432.1,275.3,456.5,275.3,474.0,210.9,426.4,335.0,431.4,246.6,220.4,137.4,204.1,293.3,226.2,407.5,222.0,-25.1,1.2,-1.4,0.992,0.005,0.0,0.0,0.002,0.79
117,169.7,246.8,223.4,255.9,199.6,241.7,195.9,262.9,389.2,257.5,337.9,261.3,364.5,251.8,364.1,267.9,279.7,420.0,278.5,431.3,276.9,439.0,275.1,463.3,218.4,422.8,342.5,426.8,247.1,219.3,135.6,196.6,303.1,224.2,417.8,214.8,-22.8,0.1,-0.5,0.991,0.006,0.0,0.0,0.002,0.8
118,170.7,251.7,222.8,261.0,200.0,246.2,196.2,263.8,386.7,261.0,336.7,264.5,363.7,254.1,364.0,271.0,279.0,419.6,277.4,432.1,275.7,454.9,274.9,477.1,217.1,426.0,340.3,429.2,251.6,220.9,137.8,198.7,302.6,221.9,421.7,213.2,-22.8,1.2,-1.2,0.995,0.002,0.0,0.0,0.002,0.79
119,183.8,254.9,225.1,261.6,205.5,247.7,202.3,268.9,389.8,260.4,344.3,266.5,367.5,254.5,369.5,271.9,277.2,424.4,276.7,434.9,276.5,462.1,275.6,481.8,216.7,430.0,348.2,434.7,246.2,213.9,154.9,198.1,306.7,218.8,428.3,204.7,-24.9,0.8,-2.0,0.991,0.006,0.0,0.0,0.002,0.77
120,174.2,251.2,226.1,261.3,204.7,247.2,199.4,264.3,390.3,263.8,341.6,267.2,365.5,257.8,366.4,274.3,282.9,425.6,283.5,435.7,280.6,454.3,280.0,476.6,219.4,425.2,346.8,432.3,253.4,221.5,138.6,203.8,297.7,230.7,421.7,213.6,-21.9,1.0,-1.0,0.994,0.004,0.0,0.0,0.002,0.78
121,179.2,254.7,225.7,261.3,202.7,248.1,201.1,264.6,390.2,262.8,345.2,267.7,365.8,257.6,368.8,273.5,280.1,425.3,279.8,433.8,279.1,453.2,280.0,475.1,217.9,427.5,345.3,430.3,250.6,223.0,145.7,203.6,305.3,230.3,423.8,213.5,-24.0,1.0,-1.7,0.995,0.003,0.0,0.0,0.002,0.78
122,176.4,251.6,225.2,262.0,205.4,249.0,199.4,267.2,389.0,264.7,342.0,268.0,367.4,257.7,366.1,276.6,280.3,426.8,277.3,438.5,276.3,439.3,272.9,462.1,219.3,428.0,342.7,433.7,245.4,224.7,149.8,203.0,299.1,231.6,419.4,232.8,-25.7,0.8,-0.5,0.997,0.001,0.0,0.0,0.001,0.79
123,181.4,253.8,224.4,261.0,205.1,248.0,200.9,263.9,390.7,262.7,343.7,267.1,367.2,255.8,367.1,271.2,279.8,425.1,279.3,433.6,275.9,456.3,276.0,472.7,213.9,425.8,344.9,433.9,252.0,219.3,151.2,198.4,317.0,224.5,422.1,207.9,-22.6,1.1,-0.9,0.998,0.001,0.0,0.0,0.001,0.77
124,180.5,254.5,226.8,260.7,205.2,247.9,201.6,263.8,393.6,264.7,343.1,269.8,367.5,257.9,368.2,273.2,283.6,427.2,282.8,436.6,281.8,458.4,279.8,478.3,223.2,427.6,345.0,432.5,254.5,222.5,146.4,198.3,311.4,227.6,427.3,216.9,-23.3,1.4,-0.3,0.996,0.002,0.0,0.0,0.002,0.79
125,177.0,253.1,224.3,260.6,203.4,248.5,198.7,266.3,392.0,264.8,343.0,268.1,370.4,258.1,367.8,275.2,282.2,429.4,280.6,438.1,280.1,456.8,280.5,474.2,219.0,429.7,346.9,433.5,252.2,226.7,141.0,207.0,309.5,230.5,423.4,215.3,-22.7,1.0,-1.2,0.997,0.001,0.0,0.0,0.002,0.77
126,179.1,251.4,226.2,261.2,205.1,248.8,201.6,264.2,389.4,263.3,342.1,268.8,366.0,259.2,368.2,273.7,279.1,422.8,279.2,437.3,278.6,444.6,277.5,473.9,219.4,427.7,341.8,435.2,249.1,220.2,147.0,203.2,306.8,228.2,416.1,220.5,-25.2,1.1,-0.5,0.997,0.001,0.0,0.0,0.001,0.78
127,178.2,254.1,229.0,265.6,207.3,250.9,201.4,269.9,397.4,266.1,344.7,271.1,371.9,259.5,372.3,278.6,281.5,426.9,281.1,437.9,281.3,464.4,281.2,483.6,219.9,431.2,346.7,436.9,256.0,224.9,150.7,208.6,305.3,233.8,427.8,224.6,-25.6,1.0,-1.0,0.998,0.001,0.0,0.0,0.001,0.78
128,178.5,253.6,229.2,263.2,207.3,249.6,202.4,268.2,393.8,268.3,341.6,268.8,367.7,259.5,368.5,278.3,282.4,428.9,281.1,438.1,280.7,455.3,279.7,474.5,223.9,430.1,345.4,434.7,255.0,229.4,140.0,205.6,307.0,232.0,424.7,219.6,-24.9,-0.2,-1.1,0.998,0.001,0.0,0.0,0.001,0.78
129,176.3,253.0,224.0,261.2,202.2,247.4,197.3,267.7,390.5,265.6,343.5,270.4,366.6,258.2,367.1,278.7,281.6,427.2,279.8,437.9,276.3,460.6,273.9,482.1,218.7,427.4,334.7,435.7,257.2,217.6,145.4,199.7,313.9,227.9,429.6,217.0,-22.9,1.8,-0.3,0.998,0.0,0.0,0.0,0.001,0.77
130,182.1,259.3,232.0,264.5,208.9,252.7,206.6,268.4,395.0,265.0,342.1,270.4,370.2,259.6,372.2,275.2,283.8,429.9,281.4,438.3,280.7,463.4,278.8,480.4,221.2,428.4,342.4,437.8,253.0,228.1,145.9,214.1,310.4,232.5,427.3,220.6,-25.9,0.9,-1.0,0.997,0.001,0.0,0.0,0.002,0.78
131,179.7,254.4,229.5,261.6,205.8,249.3,201.8,268.7,392.5,266.0,342.2,269.5,369.2,259.7,370.1,277.4,284.4,428.6,284.6,438.9,284.1,458.4,284.7,477.5,220.1,427.8,347.2,435.2,256.5,227.4,147.8,202.8,316.7,229.6,429.1,212.7,-24.5,0.7,-1.1,0.998,0.001,0.0,0.0,0.001,0.77
132,181.4,252.9,230.1,263.2,206.1,251.1,202.0,268.0,395.1,268.2,347.7,271.2,371.7,262.2,373.5,278.4,282.9,428.1,282.4,437.8,281.9,459.2,281.1,478.1,228.3,428.2,346.7,434.8,252.2,228.0,145.2,203.3,310.3,236.7,432.4,213.6,-24.5,0.6,-0.7,0.999,0.0,0.0,0.0,0.001,0.78
133,179.6,255.0,227.8,264.3,206.3,250.9,201.5,267.7,395.8,268.4,348.1,269.9,373.4,261.8,373.5,278.1,285.1,429.1,283.5,440.8,282.8,454.3,282.7,478.2,218.8,430.7,347.9,437.3,256.1,228.4,155.4,203.3,313.0,231.2,419.6,217.6,-26.5,0.5,-2.4,0.998,0.0,0.0,0.0,0.001,0.77
134,176.6,255.3,228.4,265.2,206.8,250.8,200.6,268.2,387.1,270.2,333.2,272.7,362.4,262.6,361.7,280.4,285.0,431.5,283.8,440.6,284.2,463.6,281.7,480.0,219.1,429.0,343.5,436.3,257.9,233.2,143.3,206.8,305.2,236.3,423.2,225.7,-23.2,1.2,-1.2,0.999,0.0,0.0,0.0,0.001,0.79
135,185.8,255.8,230.1,266.6,209.7,254.5,205.7,269.2,398.1,269.1,346.1,273.8,371.3,264.6,372.8,278.4,282.0,431.0,282.8,442.8,280.6,464.1,280.3,485.4,225.5,431.1,350.4,437.8,257.3,234.5,152.9,203.8,319.3,236.9,432.4,222.2,-25.6,0.0,-2.3,0.999,0.0,0.0,0.0,0.001,0.77
136,184.1,255.5,229.9,265.3,207.9,251.3,204.9,270.0,398.2,269.6,347.1,272.7,373.9,260.5,374.3,280.7,283.2,431.3,283.7,441.4,282.7,463.0,281.4,480.9,225.7,433.3,350.2,437.4,261.3,232.5,163.5,205.2,310.6,233.5,432.9,214.9,-24.8,1.1,-2.0,0.998,0.0,0.0,0.0,0.001,0.76
137,182.2,254.3,228.5,265.6,206.6,251.2,202.3,268.6,392.4,269.7,344.0,273.4,369.9,263.9,370.5,278.3,282.1,431.7,281.0,439.0,278.3,466.7,276.9,484.2,224.1,432.0,346.2,436.7,255.2,228.5,150.7,205.5,315.5,235.7,419.6,228.0,-25.2,0.6,-1.1,0.999,0.0,0.0,0.0,0.001,0.78
138,185.9,260.1,233.3,265.7,210.9,253.0,207.7,270.5,396.7,268.3,346.3,272.2,370.6,261.5,372.8,279.0,280.7,431.5,280.8,442.4,278.8,468.0,276.5,486.8,220.8,433.6,350.0,440.4,250.0,233.0,156.1,216.4,310.4,237.6,430.1,224.9,-25.1,0.5,-2.4,0.999,0.0,0.0,0.0,0.001,0.75
139,183.2,264.1,228.9,266.1,205.9,255.6,204.7,273.6,393.5,269.0,339.3,275.3,368.0,261.2,368.7,280.4,280.0,430.9,280.8,440.6,281.7,463.7,281.8,483.3,218.1,428.1,346.4,437.5,258.5,231.8,150.2,207.3,303.2,238.6,433.9,224.3,-26.3,0.8,-1.2,0.998,0.0,0.0,0.0,0.001,0.78
140,185.6,256.1,233.7,266.8,213.0,253.5,209.1,271.7,404.6,271.0,352.3,274.4,380.3,263.7,381.3,282.0,287.5,435.1,286.6,447.3,285.2,446.0,282.9,473.3,220.4,433.3,350.7,440.2,260.0,229.9,156.0,205.9,324.5,228.8,435.1,223.4,-26.7,2.5,-1.5,0.998,0.0,0.0,0.0,0.002,0.75
141,180.5,256.0,228.6,264.7,208.4,252.3,203.8,270.1,392.9,270.6,345.7,274.3,370.9,264.5,370.8,281.6,280.4,428.6,280.4,438.8,278.6,450.7,275.2,473.7,220.7,422.4,341.3,437.2,255.7,232.1,151.4,206.6,309.3,239.1,438.9,228.5,-24.8,1.8,-0.2,0.999,0.0,0.0,0.0,0.001,0.79
142,187.5,261.7,231.6,269.0,211.9,257.1,210.1,273.0,395.5,272.3,350.8,277.5,374.4,267.6,375.2,282.0,285.6,432.4,284.6,444.3,280.8,449.7,279.6,471.1,221.0,430.7,350.3,436.4,260.7,229.1,164.6,207.9,319.3,233.3,428.8,225.4,-26.6,1.7,-0.6,0.995,0.002,0.0,0.0,0.002,0.78
143,187.3,256.7,231.3,268.7,210.6,255.6,206.5,272.0,399.2,274.0,348.6,277.6,374.4,266.1,374.7,284.9,287.0,437.3,286.0,447.2,282.0,462.4,281.8,481.6,221.6,433.9,348.7,441.4,266.3,236.9,163.9,206.5,320.2,232.9,427.4,220.7,-24.8,1.6,-0.4,0.999,0.0,0.0,0.0,0.001,0.77
144,185.0,263.8,235.9,267.5,210.7,255.3,210.3,272.2,401.5,272.5,352.3,277.4,376.3,265.6,378.3,281.6,285.1,432.6,284.4,446.6,284.8,449.9,283.3,476.2,224.3,436.2,348.4,443.3,259.4,230.7,145.9,209.6,311.3,238.6,434.5,223.4,-27.5,0.9,-1.7,0.997,0.001,0.0,0.0,0.002,0.76
145,187.5,264.1,233.5,271.4,214.2,258.9,210.3,275.1,395.7,275.2,347.1,278.8,373.0,269.2,374.0,284.5,287.0,434.0,286.8,445.3,284.0,465.5,282.1,484.6,223.7,437.9,351.0,445.4,265.6,238.9,160.2,208.4,299.3,243.8,426.9,222.6,-27.7,2.4,-1.4,0.968,0.026,0.0,0.0,0.006,0.76
146,191.4,260.3,234.4,267.3,214.2,255.3,211.5,270.9,396.0,270.5,347.9,276.7,371.6,265.6,374.0,280.9,286.5,432.9,286.1,445.6,282.5,465.6,280.9,482.9,227.1,434.5,344.2,439.4,257.7,235.1,158.9,213.9,309.1,240.8,430.9,229.9,-25.0,1.3,-1.1,0.998,0.0,0.0,0.0,0.001,0.78
147,186.8,263.0,232.0,270.4,213.4,256.8,208.2,277.0,396.4,272.6,348.5,278.9,373.1,266.6,374.7,283.7,282.3,435.3,281.9,445.8,284.8,452.4,284.8,476.4,219.3,433.5,347.6,441.7,263.9,235.0,158.3,210.9,310.4,238.3,426.8,228.3,-24.6,0.8,-0.8,0.999,0.0,0.0,0.0,0.001,0.77
148,182.1,257.1,231.5,268.3,211.2,254.2,205.7,270.9,397.7,272.4,349.9,275.5,375.4,264.2,376.1,282.8,285.6,437.2,284.5,446.7,285.3,455.3,284.4,474.9,221.4,438.1,347.7,444.9,260.0,237.6,146.3,212.6,314.0,243.1,430.0,231.2,-28.1,2.3,-1.4,0.998,0.0,0.0,0.0,0.002,0.74
149,184.2,259.7,231.6,268.4,211.1,253.0,207.3,273.8,396.5,270.1,343.3,277.8,370.4,263.1,373.2,284.6,284.6,434.2,285.1,446.2,287.5,467.2,286.6,485.7,223.3,433.8,350.2,441.5,256.9,237.7,160.9,204.8,305.3,240.7,435.8,222.0,-25.1,1.0,-1.5,0.999,0.0,0.0,0.0,0.001,0.77
150,178.8,256.4,231.8,266.6,208.6,255.3,202.5,269.6,400.8,272.2,348.8,274.9,376.3,267.1,375.8,281.9,288.0,435.0,286.8,445.5,288.6,456.4,284.2,477.9,227.3,430.6,353.7,441.8,262.2,228.3,156.6,209.5,319.9,236.1,437.5,226.7,-25.7,0.4,-1.3,0.997,0.001,0.0,0.0,0.002,0.76
151,184.5,257.8,233.1,267.1,213.9,254.8,208.7,273.8,405.2,272.6,353.0,277.0,383.1,264.6,381.7,286.0,290.0,438.6,287.2,449.5,284.0,457.6,282.4,476.5,219.7,434.0,352.5,443.0,266.3,233.8,162.3,203.6,321.7,234.5,431.4,224.2,-25.1,1.6,-0.9,0.998,0.0,0.0,0.0,0.002,0.73
152,184.5,259.5,237.6,271.1,215.5,256.5,210.4,273.8,403.7,276.2,355.5,278.8,380.5,269.2,382.8,284.8,290.8,434.8,289.1,445.0,283.4,458.5,281.1,476.3,224.1,435.2,353.8,441.3,261.1,234.4,161.2,213.7,315.1,242.2,432.9,227.3,-26.9,1.2,-1.2,0.996,0.001,0.0,0.0,0.002,0.75
153,186.2,257.1,238.7,267.7,214.7,252.9,209.8,271.2,404.9,273.2,353.3,277.3,382.2,266.4,379.7,283.3,292.7,434.3,289.5,444.3,285.6,468.1,281.7,488.5,228.3,430.0,352.8,439.2,271.1,224.7,154.5,202.0,330.9,231.7,442.2,216.5,-25.5,1.6,-0.5,0.998,0.0,0.0,0.0,0.002,0.75
154,192.2,261.1,238.9,271.2,218.0,257.3,213.8,273.8,405.2,276.5,355.7,278.0,379.8,268.9,381.0,284.2,289.3,438.0,288.4,449.8,286.2,453.9,285.9,479.1,227.3,438.5,353.0,444.7,268.7,237.1,158.8,209.3,320.1,242.5,437.9,222.2,-26.2,2.4,0.8,0.997,0.001,0.0,0.0,0.002,0.78
155,188.3,262.1,237.9,273.6,217.9,258.5,213.3,276.1,399.5,274.5,349.8,278.7,376.7,268.1,377.8,284.3,289.6,435.7,290.3,444.9,287.3,466.0,288.3,482.5,224.3,437.8,353.5,445.3,265.5,233.7,153.8,212.5,319.2,241.6,434.2,231.5,-27.3,2.8,-0.3,0.995,0.002,0.0,0.0,0.003,0.78
156,193.7,263.9,238.7,272.6,220.0,259.0,215.6,277.3,400.2,276.1,353.1,278.1,378.3,269.2,378.5,285.4,288.1,436.8,287.0,448.7,284.2,451.3,281.8,470.1,228.5,436.8,353.0,445.8,263.5,241.3,173.1,218.7,313.8,249.0,426.9,234.2,-27.0,1.5,0.7,0.998,0.0,0.0,0.0,0.002,0.78
157,183.4,260.3,234.5,268.1,213.4,254.8,209.5,271.6,399.4,275.3,353.8,277.1,380.4,266.6,379.7,283.7,292.2,435.9,290.8,444.9,289.1,455.8,286.2,475.1,225.1,432.0,358.2,442.8,263.4,234.8,164.7,214.2,316.5,238.0,431.3,232.2,-25.5,2.1,-0.1,0.996,0.002,0.0,0.0,0.002,0.78
158,183.7,260.3,234.4,268.8,211.6,254.7,208.3,273.2,401.9,275.8,351.7,277.0,378.7,268.7,377.8,286.6,288.1,437.1,287.8,444.6,286.4,468.1,284.5,481.7,228.0,437.8,351.9,443.5,264.0,235.4,153.6,211.9,317.3,242.7,445.1,229.1,-24.2,2.5,-0.6,0.998,0.0,0.0,0.0,0.002,0.77
159,185.5,256.6,234.8,266.9,212.4,253.8,207.2,271.6,401.2,274.3,354.0,277.4,377.5,267.5,378.5,284.0,288.8,436.6,286.2,448.3,286.8,453.1,284.4,478.4,224.6,435.7,348.0,442.8,262.6,233.4,149.8,211.0,317.3,241.2,438.1,225.6,-29.1,2.5,-1.0,0.998,0.0,0.0,0.0,0.001,0.78
160,183.4,254.8,235.3,266.8,211.8,250.9,207.0,270.4,403.2,271.5,352.6,276.3,379.3,264.9,378.9,281.2,284.8,430.9,285.2,439.8,282.7,464.9,280.7,485.6,226.8,431.3,348.9,438.1,255.6,229.0,149.8,204.9,320.6,240.1,435.5,220.3,-24.1,1.4,-1.3,0.997,0.0,0.0,0.0,0.002,0.78
161,190.3,257.0,237.0,269.5,215.6,253.3,211.7,272.2,401.3,272.6,353.2,277.5,377.2,265.6,379.4,283.6,286.0,431.4,285.3,442.3,283.5,446.7,281.3,469.7,223.2,428.9,347.9,438.7,262.2,231.9,167.4,209.0,319.1,240.7,442.2,229.8,-24.1,1.5,-0.7,0.999,0.0,0.0,0.0,0.001,0.8
162,187.7,261.1,233.3,267.9,211.1,256.5,210.0,270.4,398.7,273.9,353.9,276.1,376.1,268.0,375.6,281.2,285.5,435.1,284.0,444.1,283.9,452.9,283.0,475.7,224.5,435.6,351.2,441.9,264.1,237.5,159.0,216.5,313.5,242.6,428.1,231.6,-27.5,1.7,-0.6,0.996,0.001,0.0,0.0,0.002,0.79
163,188.0,257.6,238.2,268.7,216.1,252.8,211.5,271.2,400.5,271.9,352.6,276.3,376.8,264.3,378.4,281.4,288.7,432.8,288.0,443.8,288.4,462.4,287.7,483.5,226.9,433.8,352.8,442.4,262.8,232.4,144.8,210.4,319.0,240.4,439.9,226.0,-25.9,2.2,-0.2,0.999,0.0,0.0,0.0,0.001,0.78
164,185.5,253.6,233.6,265.2,213.0,251.3,208.3,267.4,396.4,271.1,348.6,273.7,374.2,264.1,373.9,281.8,287.2,432.2,286.1,442.8,285.2,460.9,282.5,482.5,226.6,430.9,347.9,439.2,257.2,225.6,148.6,209.8,317.4,233.4,426.2,219.0,-25.1,1.1,-0.1,0.998,0.0,0.0,0.0,0.001,0.8
165,184.3,259.2,236.0,267.9,212.8,254.5,207.9,271.3,402.4,270.8,353.8,275.9,379.3,265.7,379.1,281.5,288.3,433.4,286.3,443.1,284.9,454.0,280.7,477.4,224.7,430.6,348.1,441.3,262.4,228.9,159.3,206.9,321.0,236.6,447.8,219.3,-24.9,2.0,-0.5,0.998,0.0,0.0,0.0,0.002,0.77
166,186.5,254.8,235.9,266.8,215.2,252.4,209.4,270.7,401.0,270.4,351.5,274.6,376.4,264.1,378.1,282.7,288.7,431.0,289.1,442.0,286.1,463.0,284.1,487.0,223.9,430.3,349.3,438.8,259.2,234.7,153.6,205.6,308.0,244.5,435.0,230.4,-26.2,1.7,-0.2,0.999,0.0,0.0,0.0,0.001,0.78
167,188.7,258.8,234.4,265.7,216.8,252.7,211.0,270.3,401.8,270.4,351.9,273.4,379.7,262.0,377.9,280.0,291.5,434.3,289.4,442.3,284.7,464.2,282.3,480.2,223.2,432.6,348.8,441.7,259.9,224.3,160.8,207.3,329.3,231.0,433.0,216.6,-25.1,1.7,0.4,0.999,0.0,0.0,0.0,0.001,0.79
168,224.4,254.4,270.0,255.7,246.5,243.8,246.0,263.0,423.1,257.9,373.4,260.5,400.9,248.8,399.8,269.8,317.4,424.5,316.6,434.0,315.3,456.3,313.4,479.7,246.7,430.1,380.0,434.5,288.3,213.2,180.6,205.2,345.5,218.8,459.5,212.3,-21.8,5.3,7.9,0.994,0.001,0.0,0.0,0.001,0.84
169,187.5,251.4,242.5,262.8,217.9,246.9,213.5,265.8,403.7,269.0,355.8,272.4,379.9,262.2,380.2,277.8,291.8,428.1,289.1,439.6,287.5,462.0,284.8,484.3,229.9,429.6,352.7,439.9,274.5,225.5,158.3,202.2,318.9,230.9,441.5,216.1,-26.2,2.4,1.1,0.998,0.0,0.0,0.0,0.001,0.81
170,195.5,253.5,240.2,260.6,220.8,247.8,216.4,265.5,407.7,266.8,355.3,269.2,382.2,259.1,382.4,275.2,288.9,424.3,287.3,437.7,285.3,462.7,281.6,481.0,224.5,425.7,352.6,437.2,267.6,227.6,166.5,210.6,318.5,232.7,435.6,231.0,-26.2,2.2,0.3,0.998,0.0,0.0,0.0,0.001,0.8
171,191.9,251.1,243.0,260.9,220.0,247.6,216.9,264.8,406.2,266.5,358.9,270.6,382.4,260.9,384.8,276.6,292.6,422.6,291.5,435.2,288.8,455.8,285.9,477.5,231.1,427.9,354.8,433.4,270.1,222.7,159.5,199.4,324.1,230.0,449.7,220.3,-28.7,1.9,1.2,0.997,0.001,0.0,0.0,0.001,0.81
172,194.7,251.3,242.0,260.3,220.7,246.4,214.9,266.4,408.6,269.5,359.2,271.8,384.5,261.0,385.7,279.8,291.4,425.9,289.6,439.0,287.0,457.9,285.1,480.3,228.9,427.7,356.8,435.6,272.1,220.8,165.3,196.5,319.9,231.0,445.6,222.3,-26.0,2.5,1.2,0.999,0.0,0.0,0.0,0.001,0.8
173,196.5,245.9,244.2,256.9,222.6,242.3,217.1,262.8,409.0,264.1,363.5,263.6,387.7,254.2,386.1,274.3,296.0,423.0,295.2,433.3,295.5,433.2,293.7,458.2,231.6,420.3,358.1,431.6,274.4,219.8,171.5,192.5,325.9,223.8,446.8,213.3,-24.8,2.2,1.9,0.997,0.001,0.0,0.0,0.002,0.8
174,187.6,243.8,242.7,253.8,219.1,238.8,214.2,258.3,406.0,260.6,356.4,261.3,385.3,253.7,382.5,270.1,294.0,420.1,291.9,431.4,291.3,430.6,287.5,457.6,230.1,417.0,353.3,428.5,274.5,224.5,162.2,194.4,317.8,230.5,443.8,217.6,-25.4,2.5,2.2,0.997,0.001,0.0,0.0,0.002,0.78
175,196.8,248.1,241.9,257.7,222.5,245.3,218.6,261.7,410.7,263.0,360.5,267.5,387.3,257.2,388.7,272.6,294.8,422.4,294.1,436.4,292.7,435.9,291.9,461.2,235.1,424.2,353.4,433.5,273.3,223.7,170.4,202.2,316.9,228.0,441.6,217.1,-27.5,3.3,1.1,0.996,0.002,0.0,0.0,0.002,0.8
176,190.5,241.4,244.7,253.0,222.0,237.9,216.2,257.5,405.2,257.4,356.8,261.7,383.7,249.2,382.9,269.7,294.3,418.5,293.2,430.6,291.8,433.5,289.9,460.9,234.4,420.3,357.6,429.5,279.5,214.3,157.7,188.5,322.1,222.8,441.4,208.7,-26.4,1.3,2.1,0.996,0.002,0.0,0.0,0.002,0.81
177,187.2,249.6,239.1,258.2,217.3,244.8,212.7,262.8,405.2,263.8,357.8,268.4,381.8,257.2,383.0,275.0,292.6,425.1,290.4,437.8,286.5,451.8,285.6,478.0,226.7,428.8,351.5,434.1,271.7,219.9,156.2,199.1,322.0,226.1,441.7,219.0,-25.7,2.3,1.7,0.998,0.001,0.0,0.0,0.002,0.8
178,213.2,160.5,265.6,167.0,238.7,154.6,237.4,169.5,413.6,173.1,367.5,174.5,393.5,162.9,391.2,180.2,308.9,315.4,306.4,327.5,303.6,327.8,301.7,345.1,244.0,328.4,366.1,332.9,288.7,135.9,182.8,123.9,343.2,132.2,448.2,137.8,-10.5,3.6,-1.8,0.992,0.004,0.0,0.0,0.004,0.41
179,215.2,159.4,259.8,166.8,237.4,153.9,235.4,170.4,413.2,173.8,367.9,174.9,392.8,164.9,391.5,180.9,310.6,311.5,309.6,321.6,305.6,327.3,304.8,338.7,243.7,325.5,367.7,331.5,277.1,130.6,172.8,118.1,354.5,131.0,452.1,137.7,-11.1,2.5,-2.2,0.992,0.002,0.0,0.0,0.006,0.44
180,215.8,161.2,264.7,168.3,241.5,153.5,238.5,172.6,412.3,176.3,369.1,175.6,392.2,164.2,390.5,182.4,308.3,314.6,306.7,325.7,303.6,331.5,303.8,349.0,248.3,326.9,368.3,334.8,283.3,135.1,181.6,119.0,354.6,135.8,445.8,141.3,-11.5,3.0,-1.7,0.992,0.004,0.0,0.0,0.004,0.45
181,215.7,161.1,259.2,166.6,236.6,152.4,235.5,171.0,412.0,173.8,366.4,176.2,390.0,164.8,390.7,183.2,308.8,315.4,308.1,324.8,305.1,330.4,304.8,345.8,251.0,325.2,370.7,334.6,284.5,133.2,182.1,114.2,355.1,134.3,451.1,139.4,-11.3,2.7,-1.6,0.992,0.004,0.0,0.0,0.004,0.48
182,212.2,161.0,260.6,166.1,235.8,154.9,234.4,170.6,415.7,173.1,365.5,174.5,392.1,164.0,391.1,179.3,309.0,314.5,307.8,326.9,306.1,327.8,306.9,341.7,249.1,326.2,364.2,336.4,282.0,132.9,174.8,116.4,347.1,132.0,443.9,133.5,-13.1,2.9,-1.0,0.992,0.004,0.0,0.0,0.004,0.52
183,216.4,159.6,261.8,167.2,239.3,152.6,236.8,169.2,413.4,171.7,365.8,175.0,389.1,164.1,390.7,180.4,309.5,311.2,308.9,324.1,304.6,328.2,304.4,343.9,252.9,326.3,366.4,333.8,281.1,131.9,169.8,117.7,341.1,135.9,452.6,136.4,-12.1,2.6,0.9,0.994,0.002,0.0,0.0,0.004,0.54
184,214.0,161.5,260.5,168.1,236.4,156.6,234.5,171.7,414.7,173.6,368.5,177.5,392.8,166.9,392.7,183.0,308.6,314.9,308.0,326.6,304.9,331.4,305.4,346.5,251.2,328.8,370.1,336.6,284.3,135.6,165.1,118.9,344.8,135.9,455.7,135.8,-9.5,2.2,1.7,0.993,0.002,0.0,0.0,0.004,0.55
185,215.0,161.8,258.3,168.4,238.2,157.4,234.5,171.6,411.4,174.9,367.1,176.8,390.3,167.8,389.1,182.5,306.4,318.0,305.8,328.3,304.7,334.4,305.2,350.5,249.7,329.7,367.5,339.9,278.3,134.8,174.7,122.9,346.8,137.1,446.4,138.2,-11.1,3.1,1.4,0.994,0.001,0.0,0.0,0.005,0.55
186,208.4,159.7,258.2,169.5,236.8,155.9,230.3,170.1,409.6,176.9,362.1,178.9,387.7,165.8,386.8,183.8,307.2,315.9,304.2,326.4,300.4,330.0,299.6,345.6,246.0,327.7,366.6,337.1,284.2,134.6,161.9,115.4,343.4,134.2,445.8,139.3,-10.6,3.2,1.7,0.992,0.001,0.0,0.0,0.006,0.55
187,216.0,160.4,261.6,167.9,240.3,156.2,235.6,171.6,412.4,175.5,368.0,176.8,390.8,167.4,390.7,182.7,307.8,313.8,306.2,326.8,302.7,330.4,301.8,345.0,250.7,329.2,365.4,333.8,280.6,137.2,179.2,116.0,348.8,136.6,450.7,134.5,-11.3,2.7,1.0,0.993,0.002,0.0,0.0,0.005,0.56
188,215.1,161.7,259.6,166.7,237.9,154.7,233.7,169.3,413.6,175.0,362.8,176.8,388.5,164.8,388.6,182.2,309.3,313.2,308.0,325.1,304.1,330.3,303.4,347.9,246.4,326.8,368.7,335.6,284.6,133.3,171.1,119.4,343.4,136.2,449.2,136.7,-10.4,3.0,1.5,0.994,0.002,0.0,0.0,0.005,0.55
189,214.8,158.8,259.6,166.7,238.1,153.2,234.7,169.1,413.9,173.6,364.4,175.8,389.1,164.1,390.1,181.9,309.0,314.5,308.6,325.2,307.5,330.1,306.3,343.5,252.6,325.5,367.8,335.1,284.1,132.7,173.4,114.4,341.5,134.1,447.7,135.3,-9.4,2.9,2.2,0.993,0.001,0.0,0.0,0.005,0.56
190,206.9,160.1,258.4,167.1,231.8,153.4,230.6,169.8,416.1,175.7,365.5,176.0,391.9,167.0,392.0,181.9,303.9,315.6,302.9,327.0,302.2,331.9,302.0,349.5,245.3,327.5,367.8,339.2,284.8,134.5,169.5,114.9,342.2,136.3,454.4,139.6,-11.9,3.7,0.9,0.996,0.001,0.0,0.0,0.002,0.55
191,215.2,160.3,256.8,168.7,237.4,156.2,232.3,171.3,411.3,173.9,367.1,175.3,388.9,167.1,390.1,181.0,306.3,313.2,306.3,324.8,304.7,330.1,303.6,346.0,247.5,327.3,365.9,335.1,278.7,132.3,167.5,118.4,348.3,134.3,446.8,133.1,-9.4,3.0,2.1,0.987,0.004,0.0,0.0,0.009,0.56
192,202.7,160.9,246.1,167.1,227.6,154.6,223.1,170.7,396.9,172.9,351.0,176.1,376.3,164.6,375.0,181.4,297.7,312.5,296.5,323.8,293.3,326.5,291.9,343.7,236.2,325.6,351.2,333.4,270.3,132.2,149.4,122.6,333.0,132.7,432.5,133.2,-11.7,2.2,-0.1,0.994,0.001,0.0,0.0,0.005,0.56
193,206.8,161.1,254.1,167.1,232.5,154.7,228.7,170.4,404.2,172.1,360.4,174.3,383.2,164.0,382.9,179.3,305.9,313.3,304.8,326.2,297.2,331.6,297.0,348.0,242.6,329.3,361.2,335.9,277.1,133.5,165.2,117.5,338.0,135.1,437.5,135.3,-8.2,1.9,2.2,0.99,0.002,0.0,0.0,0.007,0.56
194,216.6,162.1,264.7,168.1,239.4,156.6,236.7,171.3,421.0,172.4,371.4,174.5,394.9,164.7,396.8,180.9,315.1,314.2,314.9,325.6,310.6,327.2,309.9,344.8,254.3,329.0,375.6,333.2,285.9,133.3,179.8,119.9,346.9,132.7,459.8,134.6,-8.4,2.9,3.3,0.992,0.002,0.0,0.0,0.005,0.57
195,215.4,168.9,260.3,174.8,239.2,162.1,235.7,178.9,412.0,173.9,368.1,176.5,391.8,164.7,391.7,182.7,315.5,320.3,314.1,330.9,312.2,332.9,313.5,346.6,256.1,334.6,375.2,337.5,277.5,139.5,171.3,129.9,350.8,136.3,447.9,136.9,-8.1,1.4,2.0,0.989,0.001,0.0,0.0,0.009,0.61
196,210.3,166.2,255.8,173.2,234.9,160.0,230.1,176.5,411.1,176.7,365.1,179.8,388.8,168.6,389.1,184.4,309.1,319.5,308.0,330.9,305.4,335.7,305.5,353.8,250.3,333.9,367.8,339.7,277.4,137.7,168.1,121.4,344.9,138.7,447.8,136.4,-10.6,2.3,2.3,0.995,0.001,0.0,0.0,0.004,0.59
197,210.0,167.6,255.0,174.2,233.7,161.1,231.3,178.3,410.4,176.5,364.4,179.1,388.2,167.8,387.4,183.9,311.1,321.0,309.9,332.3,306.7,337.4,306.4,353.1,251.0,335.0,368.4,340.5,278.7,138.5,176.2,127.4,345.3,137.9,436.8,132.9,-12.6,1.2,1.2,0.994,0.001,0.0,0.0,0.005,0.59
198,204.7,168.2,255.9,172.8,232.0,160.6,228.9,177.4,414.5,176.7,364.0,180.5,389.4,169.5,391.0,185.8,311.3,321.9,311.0,332.9,307.0,339.2,308.6,356.7,246.8,338.6,369.8,342.4,283.8,137.4,164.8,125.0,343.7,140.5,451.3,135.1,-11.1,2.6,1.8,0.997,0.001,0.0,0.0,0.002,0.59
199,213.9,167.5,257.8,173.6,236.3,162.9,233.4,178.1,410.8,180.2,368.0,182.3,389.3,172.1,389.7,187.7,311.5,323.3,310.0,332.7,310.5,339.1,308.5,351.5,251.9,337.7,367.0,342.4,276.6,138.5,174.0,125.4,348.6,141.6,445.9,138.4,-10.9,1.9,2.5,0.984,0.006,0.0,0.0,0.009,0.6
200,214.6,166.4,261.7,171.2,239.2,158.6,236.4,176.6,415.5,177.5,371.9,179.6,393.8,168.2,395.5,184.1,312.7,320.0,312.2,331.6,311.6,337.0,310.4,352.9,253.5,334.2,371.9,340.4,286.2,138.2,167.9,124.0,349.6,142.8,451.7,136.7,-10.8,2.3,3.1,0.993,0.001,0.0,0.0,0.005,0.59
201,204.4,166.0,258.0,174.0,232.6,160.4,229.0,176.6,411.6,179.7,360.6,183.7,387.6,171.5,387.2,188.5,309.0,325.3,307.8,337.7,307.6,338.0,307.4,356.6,252.6,337.6,365.4,342.9,283.2,141.4,168.2,121.4,341.8,140.2,451.8,134.9,-11.7,2.2,2.1,0.995,0.001,0.0,0.0,0.004,0.59
202,198.2,194.7,251.6,202.6,226.7,188.4,225.1,206.7,398.5,208.4,353.4,213.1,376.0,200.1,375.4,218.7,298.7,352.8,298.0,362.3,295.4,367.7,296.0,381.2,236.5,353.6,353.9,361.1,275.7,163.8,166.0,152.1,343.0,169.6,437.0,160.5,-21.4,0.4,-0.9,0.938,0.058,0.0,0.0,0.003,0.33
203,216.5,203.7,268.3,209.5,242.8,195.7,242.0,219.6,407.3,213.6,354.3,216.6,380.2,203.4,381.6,226.0,302.8,357.1,302.7,363.5,300.2,367.9,300.5,383.0,243.2,353.0,357.5,363.2,277.1,173.4,193.3,152.1,342.2,177.1,432.9,169.0,-24.1,1.9,0.9,0.97,0.025,0.0,0.0,0.004,0.36
204,202.4,197.5,252.0,206.3,230.2,193.6,227.4,209.3,398.8,207.4,353.9,213.0,377.5,202.5,377.8,218.4,301.0,360.5,299.9,367.6,297.0,373.4,296.6,387.1,242.2,358.6,355.0,365.1,272.6,175.8,180.6,155.3,333.2,181.3,423.3,168.1,-20.8,0.4,-2.1,0.946,0.05,0.0,0.0,0.003,0.38
205,205.5,203.4,255.5,209.2,234.3,195.4,231.5,216.6,396.4,211.3,345.1,216.6,370.6,203.0,373.1,225.1,296.8,359.5,297.8,367.3,296.9,368.3,297.6,382.1,239.5,357.9,355.1,366.6,269.7,174.3,176.1,152.6,332.8,180.8,422.6,174.6,-22.2,1.6,-1.9,0.991,0.005,0.0,0.0,0.004,0.44
206,199.5,210.5,243.8,219.6,224.8,207.1,221.7,223.6,392.1,221.2,343.5,227.7,369.6,214.6,370.4,231.9,293.7,373.5,294.4,381.1,294.7,385.2,295.5,399.5,230.6,374.7,351.9,379.7,266.1,186.6,170.1,165.0,326.7,187.6,419.9,178.3,-22.1,0.9,-2.7,0.951,0.043,0.0,0.0,0.006,0.49
207,199.8,207.3,246.3,216.5,226.8,203.5,224.6,220.5,396.0,220.3,350.6,223.6,376.0,212.2,375.0,230.5,296.1,367.9,295.4,376.6,293.5,378.3,293.7,391.0,235.6,366.4,350.3,373.5,274.6,180.9,174.9,162.0,336.7,182.5,427.5,181.8,-22.9,-0.1,-1.2,0.972,0.025,0.0,0.0,0.003,0.53
208,201.8,204.5,252.2,214.6,230.7,200.7,226.6,219.4,408.3,220.5,356.3,224.8,383.3,212.7,383.8,230.5,297.2,365.9,296.6,376.7,295.1,380.5,293.8,401.2,245.1,371.1,357.8,376.6,273.6,176.8,170.3,158.9,331.3,181.0,442.0,177.9,-25.8,-1.3,-0.2,0.955,0.042,0.0,0.0,0.003,0.59
209,203.6,204.8,246.6,214.2,227.7,202.3,224.8,217.9,398.1,217.4,351.0,222.4,375.0,212.3,375.7,227.7,296.4,368.0,296.6,377.3,294.7,376.2,293.3,394.6,242.6,368.4,349.9,375.5,270.1,179.8,170.3,161.4,316.6,186.5,424.8,168.5,-23.7,-1.2,0.9,0.974,0.023,0.0,0.0,0.002,0.64
210,203.6,204.6,244.2,212.5,225.5,201.4,222.8,217.2,398.4,219.5,352.2,220.9,376.6,211.8,376.5,227.6,298.9,367.2,298.1,376.5,295.3,377.1,295.5,395.2,238.2,366.2,357.1,375.0,276.5,176.4,177.0,162.5,312.5,185.5,422.4,173.3,-25.2,-1.4,-0.6,0.955,0.042,0.0,0.0,0.003,0.66
211,205.5,204.6,246.9,214.1,227.6,201.7,224.6,218.1,396.8,218.1,353.3,220.9,374.3,211.4,375.5,227.8,294.7,365.2,295.0,376.3,293.0,378.9,292.8,396.9,237.5,371.4,350.5,374.9,263.9,177.3,166.0,167.5,328.3,183.0,427.3,180.0,-24.5,-0.8,0.8,0.978,0.019,0.0,0.0,0.002,0.67
212,203.1,204.2,247.9,213.0,228.0,202.5,225.0,217.2,399.6,219.4,350.5,222.5,375.6,212.7,376.7,226.4,296.3,365.9,297.2,375.2,296.3,376.5,296.9,395.8,240.0,365.0,356.1,371.4,267.2,174.9,167.6,160.3,325.9,177.2,432.2,174.1,-25.7,-1.0,0.7,0.929,0.067,0.0,0.0,0.003,0.67
213,204.3,205.7,247.6,215.5,228.7,205.3,224.4,218.0,397.1,218.7,352.5,220.3,375.7,213.9,375.1,225.7,295.6,358.9,294.3,372.5,288.6,373.0,289.4,390.1,233.5,358.2,350.8,363.3,271.2,179.3,175.4,167.5,323.6,185.5,431.3,176.8,-25.4,-0.7,-0.1,0.776,0.032,0.01,0.001,0.002,0.67
214,201.2,205.0,245.5,213.8,228.1,204.3,223.1,217.3,395.1,220.3,346.6,219.2,372.9,212.0,371.5,226.6,297.9,364.1,296.3,374.5,297.7,371.4,297.3,391.0,232.0,359.3,357.5,366.8,273.9,181.0,174.2,159.0,312.4,183.8,420.5,171.1,-25.1,-0.5,0.1,0.834,0.074,0.002,0.001,0.003,0.65
215,196.0,208.3,244.8,214.2,222.7,205.2,220.9,218.6,395.3,221.7,347.9,220.8,373.1,216.4,371.3,227.7,298.3,367.4,296.9,376.9,294.0,376.6,292.6,397.4,236.4,368.7,351.9,375.7,271.4,178.1,163.8,160.4,322.7,180.3,413.5,169.3,-26.3,-0.9,-0.1,0.756,0.238,0.0,0.0,0.003,0.66
216,201.2,208.8,246.0,217.1,224.9,205.9,222.9,221.3,400.2,218.6,350.6,222.0,376.8,212.0,377.1,226.7,291.6,366.2,290.6,374.1,290.2,376.9,289.9,397.7,232.6,366.7,355.0,375.2,271.1,180.0,178.7,162.7,331.3,180.8,428.3,175.7,-28.0,-0.5,-0.4,0.799,0.195,0.0,0.0,0.003,0.65
217,195.9,203.7,244.9,211.9,222.8,199.2,220.3,216.3,399.7,216.4,348.3,221.0,374.5,210.0,375.9,225.5,295.0,366.7,294.3,375.7,295.2,379.7,296.7,395.7,232.8,368.7,357.3,374.7,267.4,172.5,171.7,159.3,326.7,176.7,434.2,174.5,-25.4,-0.5,0.7,0.969,0.027,0.0,0.0,0.003,0.65
218,192.2,232.0,235.4,238.1,215.8,225.8,212.7,243.7,389.5,238.3,343.1,242.6,367.1,233.8,368.0,249.1,287.3,389.8,286.3,398.3,285.3,399.1,284.7,415.0,236.3,388.5,345.3,393.7,262.4,202.3,174.5,181.2,306.9,209.7,417.3,197.7,-22.9,-0.9,-3.3,0.878,0.116,0.0,0.0,0.003,0.65
219,188.6,227.6,236.9,237.3,214.7,226.8,211.7,240.8,397.3,238.0,351.5,241.8,375.2,232.7,375.0,247.9,294.0,395.9,294.1,404.3,295.2,406.8,295.3,423.7,231.1,396.8,357.0,401.3,257.3,195.7,156.9,182.9,317.4,200.2,427.3,195.2,-27.1,-2.1,-1.6,0.952,0.043,0.0,0.0,0.003,0.65
220,186.9,224.2,242.7,233.1,218.9,218.3,215.3,236.9,404.2,234.4,355.0,238.9,381.7,226.0,381.7,244.6,294.3,388.7,292.4,396.6,290.4,402.6,289.5,420.4,231.2,392.6,355.1,400.7,260.4,189.6,159.3,179.5,326.0,194.0,427.3,187.7,-26.1,-0.4,0.3,0.953,0.043,0.0,0.0,0.003,0.65
221,188.3,231.7,234.9,241.8,212.7,230.4,209.7,245.4,395.3,243.8,346.9,248.0,370.3,237.3,370.9,254.2,289.8,400.9,289.0,412.6,290.5,419.0,291.3,439.3,231.3,407.5,354.2,408.3,256.7,196.6,163.8,182.8,324.5,199.2,422.8,189.5,-27.2,-1.7,-1.1,0.961,0.036,0.0,0.0,0.003,0.65
222,197.2,244.4,242.0,251.3,222.4,240.0,218.0,257.5,402.5,252.1,348.3,256.2,376.5,246.5,376.7,263.5,293.4,410.9,293.2,423.0,291.5,420.9,292.2,440.7,229.9,413.2,354.4,417.7,271.3,220.1,167.3,206.1,315.3,221.5,424.1,210.5,-26.9,0.5,0.1,0.98,0.017,0.0,0.0,0.002,0.64
223,192.8,242.4,238.9,248.5,218.3,234.2,215.1,253.5,395.0,249.8,349.3,253.9,373.5,241.4,372.3,260.3,292.0,406.3,291.3,415.2,288.3,417.0,288.8,435.7,232.0,404.7,351.2,412.8,259.5,207.1,153.2,195.0,318.3,212.7,432.0,204.0,-24.2,0.2,-0.6,0.989,0.008,0.0,0.0,0.002,0.66
224,192.9,237.4,240.8,246.8,219.3,233.8,215.9,251.4,395.7,252.3,346.3,253.3,371.7,244.1,371.5,261.8,293.2,405.4,292.3,415.8,288.0,411.8,287.1,433.0,227.8,407.2,351.5,412.9,267.0,209.8,163.7,188.9,327.8,213.6,434.7,207.1,-27.2,-0.5,-0.9,0.992,0.005,0.0,0.0,0.003,0.66
225,195.5,243.3,241.3,247.3,218.3,235.7,219.9,252.8,401.5,251.7,352.1,252.1,378.4,242.4,377.5,257.6,292.1,405.3,291.3,414.5,287.8,418.0,290.3,433.7,230.6,409.0,350.9,413.9,263.1,207.8,165.5,196.4,321.2,214.0,436.3,211.4,-25.2,0.4,-0.3,0.983,0.014,0.0,0.0,0.002,0.66
226,189.4,237.3,238.3,245.4,216.1,232.3,213.9,248.8,396.2,247.6,343.4,252.7,369.7,241.5,371.8,258.6,289.0,404.3,289.1,414.4,287.0,413.9,288.4,431.4,230.9,406.2,347.8,408.8,262.8,209.3,170.1,193.2,317.9,210.8,426.0,209.2,-24.5,0.2,-0.5,0.989,0.009,0.0,0.0,0.002,0.66
227,241.8,82.2,293.3,85.0,268.1,72.4,268.0,92.9,441.8,92.0,389.7,96.2,414.1,83.2,417.1,102.6,338.4,232.9,338.0,242.8,337.8,239.2,338.5,255.4,275.5,237.9,400.7,241.2,307.4,56.3,211.1,45.1,377.0,57.6,481.2,61.8,-20.3,3.8,-3.7,0.933,0.064,0.0,0.0,0.002,0.0
228,245.4,86.9,298.6,88.9,271.6,75.6,273.0,98.6,439.7,93.8,387.8,95.3,416.0,83.1,414.2,104.0,339.4,232.6,340.3,239.7,340.0,244.2,339.6,256.3,282.3,239.6,397.2,243.0,309.4,64.6,217.9,50.4,381.0,62.8,474.6,60.2,-17.4,5.4,-1.1,0.974,0.024,0.0,0.0,0.001,0.0
229,239.9,81.1,288.8,87.7,265.8,72.7,264.0,93.9,443.6,93.6,394.4,94.6,419.7,84.0,419.4,104.6,337.2,232.3,336.7,239.9,336.7,244.7,336.2,261.3,268.2,236.6,398.7,244.3,307.3,57.4,202.1,39.1,383.5,55.7,484.6,54.3,-17.7,7.6,-2.5,0.982,0.016,0.0,0.0,0.001,0.02
230,245.3,81.9,295.0,88.3,271.0,73.2,269.9,98.3,439.6,92.2,393.0,95.8,414.8,83.3,417.4,106.3,341.3,232.9,340.5,241.7,340.8,245.7,338.4,261.2,276.0,237.4,400.4,243.8,320.4,61.9,211.8,42.5,384.4,61.4,475.0,54.1,-16.1,7.1,-3.0,0.996,0.003,0.0,0.0,0.001,0.05
231,237.7,81.6,287.7,86.0,265.4,73.4,263.2,93.8,434.0,89.8,387.5,93.8,412.3,82.1,414.3,100.9,340.6,231.4,338.5,241.4,334.5,243.5,335.2,260.5,273.9,237.6,398.0,242.8,311.2,53.7,211.9,45.2,382.8,54.8,466.0,49.3,-9.8,5.2,-4.1,0.999,0.001,0.0,0.0,0.0,0.21
232,246.8,78.3,295.8,85.2,272.0,71.5,272.1,91.4,443.6,93.5,394.5,93.7,420.0,83.7,420.0,102.6,339.8,230.2,337.1,239.5,334.8,242.8,333.1,258.8,279.0,236.4,398.0,243.2,315.3,50.2,218.9,41.4,383.3,54.2,477.8,51.0,-9.1,5.6,-3.7,0.998,0.001,0.0,0.0,0.001,0.21
233,244.7,78.7,290.3,87.2,268.8,72.4,265.7,91.1,437.4,90.5,391.1,92.5,414.4,81.3,414.3,99.9,336.8,229.4,336.2,239.4,333.4,246.8,333.3,261.6,274.5,235.6,401.4,242.4,311.5,57.2,217.1,48.6,382.3,55.6,469.6,52.9,-10.1,5.3,-4.5,0.998,0.001,0.0,0.0,0.0,0.21
234,237.0,80.7,285.7,87.0,261.2,74.0,260.1,93.4,438.0,93.3,389.5,93.6,414.0,83.8,413.5,101.7,339.4,230.1,338.8,240.3,337.8,245.4,337.2,263.5,278.3,240.4,399.8,242.9,307.8,52.1,212.4,41.3,377.8,53.7,470.6,53.6,-10.9,6.0,-5.8,0.999,0.001,0.0,0.0,0.0,0.22
235,243.9,79.1,290.0,87.4,267.2,73.2,265.3,91.1,438.8,89.3,393.0,92.1,416.0,80.1,416.2,97.9,336.9,231.5,335.4,242.2,335.1,249.3,334.6,264.8,278.0,238.5,396.8,243.0,311.9,55.6,215.1,44.1,378.8,54.9,466.1,52.9,-9.0,5.7,-3.7,0.999,0.001,0.0,0.0,0.001,0.21
236,246.1,79.6,291.0,87.5,270.0,72.4,266.5,93.2,437.8,89.0,394.9,92.7,413.7,81.2,416.6,101.4,338.7,231.3,337.8,238.8,337.2,245.1,337.5,258.3,275.3,236.6,396.1,241.0,306.8,53.7,214.2,50.6,389.1,55.0,464.7,52.1,-9.5,5.6,-4.6,0.999,0.001,0.0,0.0,0.001,0.21
237,237.6,82.3,291.8,90.8,266.6,72.7,263.1,100.2,436.2,92.9,389.6,96.2,414.0,82.4,414.1,105.3,341.7,229.9,340.8,240.1,339.6,242.8,339.0,258.1,281.7,236.0,393.9,240.8,308.8,50.4,210.8,36.5,376.5,54.2,467.6,46.6,-9.3,4.9,-4.3,0.999,0.001,0.0,0.0,0.001,0.21
238,240.8,81.5,288.2,88.6,266.7,74.1,264.1,92.9,431.4,90.4,386.1,94.6,408.5,81.6,410.0,101.2,340.5,230.3,339.7,240.2,340.5,243.5,341.9,255.9,276.3,235.8,394.6,241.3,309.0,53.8,206.6,43.6,380.9,55.1,462.4,54.4,-9.4,6.2,-4.2,0.999,0.001,0.0,0.0,0.001,0.21
239,243.1,82.2,289.7,89.2,266.4,74.5,265.3,92.4,436.9,90.2,393.7,93.9,416.0,83.4,416.9,98.5,336.8,227.3,336.1,236.5,331.7,243.2,333.8,259.8,275.6,236.5,396.1,242.7,306.2,54.6,208.4,47.5,386.2,55.3,480.9,54.0,-8.7,4.8,-4.4,0.998,0.001,0.0,0.0,0.001,0.21
240,241.6,84.6,293.4,91.3,266.2,85.4,265.8,96.1,443.7,95.1,393.4,95.3,419.9,91.5,418.2,101.7,335.5,232.0,334.9,242.6,333.9,248.0,331.3,265.0,281.6,241.0,396.1,245.1,310.1,56.5,209.4,46.6,372.6,58.6,472.5,53.8,-9.6,6.3,-2.8,0.987,0.001,0.0,0.0,0.012,0.21
241,246.9,83.4,295.0,86.7,266.8,73.7,269.8,95.4,441.8,91.4,394.7,94.0,418.7,81.6,418.6,103.5,340.2,230.2,338.9,240.7,337.5,247.1,338.8,262.1,282.5,239.1,394.2,244.1,312.7,55.1,219.5,42.1,379.6,55.4,473.1,54.7,-9.5,5.7,-3.6,0.998,0.001,0.0,0.0,0.001,0.21
242,249.8,81.2,294.1,89.7,272.0,76.5,270.5,92.9,436.9,91.1,396.2,92.6,417.5,83.5,417.2,99.1,340.2,231.4,340.2,240.7,338.3,245.4,339.8,260.3,281.3,240.2,396.5,244.6,309.2,54.3,215.1,47.0,382.9,55.0,468.2,59.8,-9.5,5.2,-2.6,0.998,0.001,0.0,0.0,0.001,0.21
243,216.2,113.8,270.2,117.0,242.9,104.1,243.0,122.7,437.4,119.9,383.3,118.4,411.9,110.4,410.3,126.5,322.4,262.5,321.5,275.5,322.1,279.1,320.6,294.9,260.9,278.3,384.8,279.7,281.5,65.8,177.5,73.7,374.5,74.1,483.9,87.0,-23.5,2.5,-9.7,0.76,0.232,0.0,0.0,0.006,0.03
244,243.3,127.1,288.3,126.7,261.9,116.1,265.0,136.5,434.5,127.0,384.2,127.4,409.2,115.7,408.6,137.9,324.0,261.8,325.3,272.1,323.8,278.9,325.2,291.5,270.9,274.7,382.3,278.0,292.0,88.6,206.6,95.5,374.5,83.8,461.9,93.1,-19.3,3.5,-3.1,0.955,0.035,0.0,0.0,0.009,0.0
245,226.6,115.1,278.7,118.7,251.8,106.1,251.8,129.7,436.9,120.5,381.9,122.1,409.6,111.5,409.6,135.3,323.7,265.3,323.1,276.2,326.3,277.9,325.0,296.7,262.6,276.5,384.3,279.9,290.7,81.5,196.6,78.2,374.4,80.2,477.1,89.5,-23.3,3.0,-3.7,0.829,0.165,0.0,0.0,0.004,0.01
246,222.6,117.5,278.9,122.2,252.4,106.7,251.4,134.0,431.0,125.4,379.9,127.9,404.8,113.5,406.0,142.0,324.3,265.0,323.7,273.8,320.3,276.3,322.4,292.7,260.6,274.1,382.1,279.3,293.1,90.9,200.2,78.0,368.6,87.9,465.6,92.3,-21.7,2.5,-5.2,0.797,0.194,0.0,0.0,0.005,0.01
247,232.0,121.9,281.7,122.3,256.8,109.3,257.4,134.8,424.4,125.0,373.2,129.0,401.3,113.9,400.2,140.6,321.0,265.0,320.4,274.8,320.3,277.4,319.6,292.6,266.6,274.2,379.2,277.8,297.3,88.4,211.2,79.7,368.4,88.7,459.0,86.3,-10.0,3.9,-6.7,0.935,0.046,0.0,0.0,0.015,0.17
248,232.5,121.9,275.8,123.0,252.2,111.9,253.1,131.5,425.9,124.0,377.1,123.8,402.7,113.9,400.6,133.8,317.5,264.0,316.8,276.2,313.5,286.2,312.7,303.0,262.9,277.2,381.2,279.8,291.9,90.9,203.0,80.5,364.2,90.1,459.3,82.5,-13.7,3.8,-5.7,0.958,0.032,0.0,0.0,0.009,0.2
249,221.1,112.7,276.1,118.9,249.0,107.0,247.5,122.9,420.8,121.7,372.4,124.9,396.2,115.3,396.4,130.8,321.9,261.7,321.4,277.8,322.8,286.0,323.5,305.9,261.5,276.1,381.2,280.6,292.0,82.5,184.4,73.5,364.1,89.6,456.0,78.3,-14.1,3.4,-6.2,0.962,0.033,0.0,0.0,0.004,0.19
250,230.5,119.5,281.2,124.4,256.6,117.1,255.2,131.4,415.0,130.3,371.3,128.4,394.4,123.9,391.4,139.0,321.5,263.6,320.3,274.7,320.0,280.7,317.5,296.3,268.7,274.5,378.7,275.5,296.7,94.3,209.6,91.2,362.6,92.3,444.7,93.1,-10.7,5.3,-5.5,0.936,0.002,0.0,0.0,0.061,0.2
251,227.8,115.2,277.5,121.2,254.9,107.9,252.5,130.3,423.7,124.6,380.2,125.4,403.4,116.6,401.9,136.0,323.5,262.6,321.4,276.1,317.7,276.4,315.5,297.3,266.5,273.2,373.8,278.6,292.6,89.4,197.5,81.3,371.9,88.6,462.1,92.3,-10.9,5.5,-6.8,0.866,0.123,0.0,0.0,0.009,0.19
252,231.6,112.6,280.7,120.1,257.7,108.7,255.0,125.3,426.8,124.4,377.4,124.2,403.2,116.6,400.7,133.1,325.4,266.7,323.7,275.9,323.4,277.3,323.1,295.6,266.3,273.0,385.7,279.4,297.7,91.1,203.6,76.7,367.1,91.4,458.5,87.1,-13.6,3.8,-5.9,0.862,0.115,0.0,0.0,0.021,0.2
253,221.5,118.9,275.0,122.6,246.8,110.9,248.3,129.4,422.9,124.9,375.9,128.8,403.6,117.8,401.1,135.1,322.5,264.6,321.1,277.7,319.7,279.3,321.3,293.6,263.9,274.5,379.9,281.9,296.3,91.6,196.5,81.3,361.5,96.1,452.6,86.7,-13.0,4.2,-5.3,0.936,0.041,0.0,0.0,0.021,0.2
254,226.9,117.7,278.7,121.2,253.4,108.5,253.2,127.0,425.9,121.6,380.3,123.6,405.6,112.5,403.1,131.1,325.3,264.1,322.8,274.5,321.8,280.5,319.7,299.5,266.7,274.9,381.4,277.4,295.4,88.8,210.7,77.8,361.0,90.4,450.0,84.2,-17.1,3.9,-4.7,0.86,0.122,0.0,0.0,0.016,0.2
255,221.3,123.7,276.9,124.7,245.7,114.2,249.3,133.2,428.0,126.0,375.8,127.6,403.2,117.9,402.4,135.6,323.0,264.9,323.7,275.9,323.4,274.1,324.2,291.5,265.5,277.7,381.2,278.9,298.3,92.2,192.8,85.1,366.0,89.6,452.7,93.2,-12.6,4.9,-6.4,0.842,0.137,0.0,0.0,0.018,0.2
256,221.3,119.7,275.8,124.0,246.9,109.0,248.1,135.7,431.5,128.6,382.3,128.4,407.4,116.6,408.2,140.9,322.6,263.1,323.5,275.4,324.5,277.2,326.8,295.4,262.4,276.4,383.3,280.9,294.8,89.5,182.2,78.0,375.2,90.0,483.9,83.7,-16.1,4.8,-5.8,0.916,0.061,0.0,0.0,0.021,0.2
257,229.4,116.5,280.0,120.2,252.1,109.3,254.7,125.8,426.2,124.8,379.0,124.8,404.8,115.8,403.0,132.1,321.0,261.7,321.9,273.2,322.8,278.4,324.5,293.2,266.0,273.4,386.0,278.4,299.6,90.2,203.6,84.5,366.3,89.5,461.0,94.1,-13.6,3.2,-5.8,0.903,0.074,0.0,0.0,0.021,0.2
258,230.4,115.6,282.4,124.2,257.6,110.1,255.1,132.1,423.8,127.1,374.9,126.6,400.0,117.1,398.0,139.4,325.5,262.6,323.5,273.8,319.3,281.5,316.5,295.9,263.3,274.0,379.5,278.3,296.8,88.7,206.9,73.2,365.0,90.6,453.5,86.9,-10.0,4.2,-7.3,0.922,0.03,0.0,0.0,0.042,0.19
259,221.9,115.2,283.3,118.7,252.8,103.8,252.0,130.4,428.4,123.2,376.6,123.6,405.4,113.2,402.2,137.5,321.7,263.3,320.8,271.8,319.2,275.6,318.5,291.3,262.0,271.6,377.4,275.4,294.5,89.5,192.1,71.5,368.5,89.4,466.4,83.5,-15.2,4.0,-5.8,0.895,0.086,0.0,0.0,0.017,0.2
260,221.5,114.0,278.2,120.8,251.9,105.2,248.7,127.9,432.4,125.0,381.0,124.7,406.4,114.0,405.5,136.9,323.2,262.3,321.4,272.5,320.7,277.5,319.4,294.5,265.2,273.1,381.9,277.5,297.1,86.8,196.2,75.4,367.4,89.0,469.7,87.4,-15.3,3.6,-5.5,0.815,0.169,0.0,0.0,0.013,0.19
261,231.4,112.2,284.0,117.9,258.2,104.5,256.7,125.4,428.0,120.7,376.4,120.9,400.8,111.2,401.4,130.6,319.1,263.1,319.1,275.8,316.2,274.0,314.8,293.4,258.5,273.1,384.9,276.9,293.3,89.2,206.1,80.3,360.7,89.7,458.2,85.5,-15.3,4.1,-5.2,0.89,0.087,0.0,0.0,0.02,0.19
262,226.0,111.3,278.7,119.4,254.0,105.3,249.6,123.9,426.6,122.9,378.2,123.8,402.8,113.3,401.6,131.9,323.7,262.5,321.8,273.9,322.5,276.3,322.9,291.4,263.4,275.5,384.0,278.5,294.1,89.4,185.0,71.8,365.2,89.1,468.8,83.8,-17.0,4.6,-4.1,0.847,0.142,0.0,0.0,0.009,0.19
263,232.6,112.8,287.0,120.1,259.0,104.7,258.3,129.1,429.4,121.5,381.2,123.3,407.5,112.4,405.7,135.2,320.4,264.6,321.0,273.5,321.9,274.2,321.0,291.0,264.3,273.1,381.9,276.9,299.9,89.5,212.1,72.1,370.8,88.0,468.5,91.5,-14.2,4.2,-4.6,0.933,0.053,0.0,0.0,0.013,0.18
264,234.7,114.7,284.7,119.9,260.7,105.4,258.9,127.9,424.4,121.2,378.5,121.2,401.6,111.4,400.4,132.2,320.0,261.5,319.0,273.4,318.1,268.9,317.5,288.1,266.2,269.9,380.1,275.4,292.8,86.1,208.7,76.1,368.6,89.3,472.9,89.1,-11.1,3.1,-5.8,0.906,0.062,0.0,0.0,0.029,0.18
265,238.4,114.5,283.5,119.9,260.2,106.4,259.0,129.9,423.0,124.6,376.4,124.2,399.4,113.5,399.6,135.7,320.8,260.0,320.1,272.3,320.4,273.8,318.1,291.7,270.5,273.7,376.8,277.9,299.3,89.9,210.4,80.6,359.7,88.3,453.9,92.6,-10.2,5.0,-5.9,0.931,0.041,0.0,0.0,0.025,0.17
266,215.8,114.3,270.3,119.9,243.9,104.8,242.9,125.5,427.0,122.5,379.5,123.5,404.5,112.9,403.7,130.9,320.7,262.4,318.3,273.9,315.0,274.2,313.4,290.2,262.4,274.2,381.8,277.4,295.2,90.2,180.7,73.6,362.9,90.2,462.1,80.4,-16.3,5.0,-4.1,0.94,0.046,0.0,0.0,0.013,0.18
267,225.0,111.3,277.6,120.7,251.4,105.5,250.6,122.3,425.7,121.5,377.8,123.2,404.7,113.8,401.5,130.1,320.9,260.4,319.4,273.8,316.8,272.9,315.3,290.0,263.7,273.9,380.4,278.0,296.6,93.3,194.5,75.2,361.9,88.6,459.5,88.5,-15.9,3.7,-5.4,0.917,0.064,0.0,0.0,0.017,0.18
268,231.8,117.2,278.9,120.8,255.8,106.8,254.9,130.4,420.2,124.3,372.0,126.1,397.2,113.1,396.6,136.4,321.7,264.4,320.3,275.6,322.2,278.4,321.6,293.6,265.0,275.1,376.4,277.9,295.1,90.3,208.1,77.7,359.4,88.5,450.8,88.5,-10.7,4.3,-6.8,0.9,0.077,0.0,0.0,0.018,0.18
269,234.5,121.5,282.8,123.9,258.0,117.4,258.4,129.9,420.0,129.1,371.7,128.6,394.6,121.5,395.1,134.4,320.5,259.7,321.1,271.0,317.9,271.3,319.6,284.8,260.8,272.4,380.6,275.6,293.7,90.7,211.0,92.9,359.8,85.3,450.8,88.0,-10.2,6.2,-7.0,0.83,0.001,0.0,0.0,0.168,0.19
270,229.1,110.7,275.3,120.4,252.9,106.7,249.9,127.7,424.0,123.0,377.2,125.8,402.3,115.7,400.6,135.5,320.2,261.9,317.9,273.4,314.4,274.9,311.9,292.0,260.9,273.3,377.1,278.6,292.9,88.2,204.4,73.7,369.4,93.0,458.0,89.8,-13.3,4.2,-6.4,0.939,0.038,0.0,0.0,0.022,0.18
271,229.6,115.6,272.6,120.1,251.2,107.2,250.5,130.1,420.3,123.8,379.4,124.6,400.5,114.6,399.9,137.3,323.8,261.9,323.1,273.5,322.9,277.2,323.4,294.5,267.7,274.8,382.1,277.3,293.6,89.5,206.2,78.2,364.8,92.0,452.4,91.8,-12.7,2.8,-6.5,0.868,0.1,0.0,0.0,0.029,0.18
272,230.7,117.3,281.7,119.1,256.9,106.0,257.2,129.5,424.9,121.7,376.5,123.5,402.6,113.0,401.9,134.0,323.4,263.4,322.7,273.4,321.3,274.8,321.3,292.7,264.1,274.5,383.6,279.1,296.4,90.4,197.3,76.8,365.2,86.6,464.1,86.8,-15.7,3.2,-5.7,0.88,0.11,0.0,0.0,0.009,0.19
