001,203.6,154.0,251.2,152.4,226.1,151.5,227.8,156.9,391.8,158.8,347.2,154.3,373.3,153.0,369.3,162.1,305.0,283.9,304.2,296.2,303.2,309.9,303.4,328.3,239.2,307.4,365.5,307.2,269.5,118.3,172.8,114.4,328.4,116.9,414.9,123.7,0.6,0.1,1.4,0.956,0.0,0.0,0.0,0.043,0.46
002,208.2,155.1,253.7,152.8,232.3,147.8,232.5,159.0,384.2,160.3,341.9,157.2,363.4,152.7,362.7,164.6,304.6,282.7,303.0,294.4,302.1,304.1,302.3,321.0,242.2,304.9,360.4,303.6,269.8,117.2,179.5,125.0,326.8,115.9,406.0,123.3,-0.2,-1.1,1.7,0.969,0.0,0.0,0.0,0.03,0.48
003,201.7,150.9,254.5,152.6,229.7,145.4,228.2,157.9,394.2,159.8,348.0,158.2,371.4,152.6,370.0,166.6,306.4,282.9,305.4,295.8,300.6,299.3,301.4,319.0,240.9,304.7,362.3,304.2,274.1,118.4,178.2,118.7,331.6,114.8,415.9,115.4,0.5,-0.3,0.9,0.962,0.0,0.0,0.0,0.037,0.49
004,209.6,155.0,254.8,153.6,231.7,150.7,231.8,159.9,386.3,158.5,347.0,158.5,368.6,154.7,367.0,164.0,303.4,282.4,302.8,294.0,302.1,301.1,301.3,316.4,241.8,303.2,362.2,305.4,275.4,117.8,183.0,122.2,326.2,117.9,412.2,123.1,-1.5,-1.5,2.4,0.956,0.0,0.0,0.0,0.044,0.52
005,210.4,153.8,252.6,154.8,232.3,152.3,230.1,159.6,386.7,156.3,346.3,156.2,369.4,153.1,366.4,161.7,301.1,283.9,299.3,295.7,296.0,300.5,294.4,317.7,240.1,305.8,364.1,305.8,272.4,116.6,185.0,119.6,325.5,118.0,420.6,116.5,-1.0,-0.8,2.0,0.97,0.001,0.0,0.0,0.029,0.55
006,204.4,152.9,250.0,155.8,228.7,149.6,227.7,158.2,393.1,157.2,347.6,160.0,371.5,153.9,372.2,162.8,302.2,282.3,300.8,295.8,299.9,300.2,298.9,317.2,240.8,304.3,360.1,304.2,271.1,118.4,175.0,112.5,325.4,115.8,423.0,118.6,-1.6,-0.2,1.9,0.957,0.0,0.0,0.0,0.042,0.6
007,199.6,150.7,245.3,153.8,223.0,150.2,221.7,157.1,391.3,158.8,349.9,157.4,372.6,155.1,370.6,163.2,302.4,283.5,301.0,294.5,298.2,297.2,297.9,314.7,241.8,305.5,362.2,306.7,269.6,119.2,166.8,105.5,326.7,117.5,423.4,113.2,-1.3,0.1,3.1,0.968,0.0,0.0,0.0,0.031,0.6
008,204.6,151.2,247.5,154.7,226.8,149.8,226.4,158.2,383.1,157.8,344.1,158.4,364.8,153.9,366.0,163.8,303.7,284.6,302.9,296.5,299.5,298.7,299.1,313.9,238.7,304.4,360.4,304.6,269.5,119.3,171.4,111.8,328.8,119.7,410.9,116.8,-1.2,-0.4,1.4,0.968,0.001,0.0,0.0,0.031,0.6
009,201.4,153.2,247.4,155.8,224.7,150.4,223.2,160.3,393.9,157.0,348.6,156.9,371.8,152.9,372.3,162.8,300.5,283.4,300.1,296.4,297.3,301.1,296.7,320.1,239.6,304.7,359.2,307.1,268.8,118.6,170.0,107.7,323.0,119.2,415.5,116.2,-2.9,0.4,2.7,0.972,0.0,0.0,0.0,0.028,0.59
010,205.2,151.8,249.4,153.8,228.2,151.0,226.7,156.1,394.5,154.9,347.8,155.2,373.5,151.8,371.0,159.9,303.1,284.2,302.0,295.3,301.8,302.7,301.3,319.6,242.5,304.0,365.5,305.9,268.9,116.5,170.9,115.8,324.6,114.9,424.3,116.2,0.7,0.0,4.3,0.967,0.0,0.0,0.0,0.032,0.58
011,202.6,152.2,249.4,153.9,226.1,150.8,225.3,157.9,394.3,158.2,350.4,157.4,373.2,154.8,372.4,163.3,300.7,283.1,300.5,296.0,299.8,302.4,300.6,318.2,240.1,306.1,363.1,307.7,270.5,119.9,179.8,105.6,327.0,125.0,427.7,119.0,-1.6,0.4,3.7,0.964,0.0,0.0,0.0,0.035,0.58
012,201.0,152.4,245.8,153.9,223.9,150.3,223.1,159.5,391.7,158.2,348.6,156.0,372.4,154.2,370.1,164.0,302.4,284.2,301.8,296.7,299.1,304.1,299.7,321.4,238.7,306.7,361.5,306.4,271.7,119.0,166.5,115.4,327.0,118.6,417.5,119.4,-1.6,-0.1,3.4,0.96,0.0,0.0,0.0,0.04,0.58
013,207.3,153.0,249.6,154.2,229.7,151.5,227.9,157.8,395.0,157.8,349.7,158.3,374.4,154.5,373.2,163.8,302.8,283.2,302.7,296.1,302.2,301.2,302.2,318.4,242.7,303.7,362.3,306.6,273.0,120.1,184.5,114.2,326.3,116.6,414.9,123.5,-2.0,0.2,3.5,0.96,0.0,0.0,0.0,0.04,0.59
014,206.6,152.0,248.1,155.1,227.0,149.8,225.2,157.2,392.1,156.2,348.7,155.2,372.7,153.1,370.5,160.8,300.4,285.1,299.1,296.1,298.4,298.0,298.1,312.7,243.5,306.0,362.2,307.2,268.3,117.7,182.6,112.8,329.8,116.6,418.8,115.9,-1.8,0.2,4.1,0.959,0.0,0.0,0.0,0.041,0.58
015,206.7,152.2,247.8,153.5,228.4,149.9,226.7,157.1,392.5,156.7,349.9,156.3,373.0,153.2,371.9,160.7,304.0,281.6,302.6,295.5,298.9,301.5,298.5,320.9,238.7,304.9,364.8,305.9,271.9,118.3,177.4,108.7,323.9,117.0,425.2,114.4,-2.3,0.4,3.0,0.96,0.0,0.0,0.0,0.039,0.58
016,203.3,152.8,247.4,153.8,224.1,151.5,223.8,156.5,390.7,156.2,349.4,155.6,371.2,153.9,369.2,159.7,302.8,284.4,302.4,295.0,299.6,302.7,298.4,318.6,240.1,305.9,362.2,305.9,273.7,120.1,166.1,117.8,323.7,117.2,423.8,118.2,-2.2,0.0,2.9,0.967,0.0,0.0,0.0,0.033,0.59
017,205.4,150.3,249.7,154.6,230.2,148.5,228.6,157.2,397.7,156.1,352.4,155.9,375.6,153.8,376.5,162.1,303.0,282.7,302.3,295.3,298.5,300.7,298.4,318.3,242.8,304.8,360.9,305.0,268.6,120.0,174.0,119.8,330.8,114.9,429.4,121.5,-1.0,-0.5,3.5,0.962,0.0,0.0,0.0,0.037,0.59
018,210.5,150.4,249.6,153.9,230.9,149.6,229.1,156.0,393.0,155.7,350.9,155.9,373.1,153.3,372.8,161.0,302.1,281.9,300.7,294.7,296.6,297.2,297.2,315.2,240.1,303.7,360.3,304.3,272.6,120.4,183.5,112.6,328.7,117.8,419.3,119.7,-1.4,-0.6,3.2,0.969,0.001,0.0,0.0,0.03,0.59
019,205.8,150.0,247.3,153.0,227.2,149.1,226.6,155.4,389.2,157.1,347.2,157.5,369.0,153.4,369.5,160.5,301.9,281.8,300.6,295.5,299.0,298.8,300.3,317.1,240.6,303.3,364.5,303.1,274.8,118.8,175.3,113.4,328.1,114.5,419.1,119.8,-3.0,-0.4,3.0,0.969,0.0,0.0,0.0,0.03,0.59
020,208.2,149.9,250.9,154.0,230.7,147.1,229.7,159.0,392.2,158.4,348.1,157.4,372.1,152.5,371.3,165.8,301.0,283.6,300.5,297.0,299.1,301.0,299.2,317.6,240.6,305.4,365.2,305.4,274.9,116.7,177.1,114.5,330.6,117.6,413.9,122.6,-1.7,0.0,3.5,0.974,0.0,0.0,0.0,0.025,0.59
021,208.2,150.7,249.3,154.1,229.6,147.9,228.0,157.7,391.3,156.6,350.1,156.8,372.0,152.6,370.4,162.2,300.8,284.7,299.9,295.8,297.4,301.6,297.8,317.3,238.0,304.7,362.7,306.0,268.7,117.8,184.3,114.6,330.3,117.7,419.0,121.5,-3.1,-0.1,2.8,0.97,0.001,0.0,0.0,0.029,0.59
022,203.5,150.0,249.5,153.6,227.2,149.1,226.0,155.5,394.4,156.0,350.1,155.5,373.1,151.9,372.1,161.2,302.1,283.6,301.6,294.4,299.7,299.9,300.6,319.1,239.9,302.1,363.0,305.4,271.1,117.2,179.3,108.1,332.1,117.0,421.6,114.5,-2.9,0.8,3.6,0.976,0.0,0.0,0.0,0.024,0.58
023,212.1,151.5,248.4,152.9,231.8,149.2,230.9,156.1,392.5,155.1,350.7,155.6,373.1,152.0,372.1,159.9,300.7,282.8,300.4,295.7,297.9,297.9,296.5,314.9,239.1,304.5,359.2,304.4,268.2,117.2,183.9,113.8,328.4,119.1,417.6,112.8,-1.9,0.0,3.5,0.973,0.0,0.0,0.0,0.026,0.59
024,205.4,152.1,249.4,154.1,227.9,149.5,227.3,157.6,393.6,154.6,347.6,155.7,372.1,149.7,371.4,159.7,301.5,283.9,300.8,296.3,297.8,298.3,298.1,316.1,241.8,304.6,362.1,305.6,269.9,118.4,180.4,114.6,327.0,116.5,409.6,113.3,-2.3,-0.5,3.1,0.966,0.001,0.0,0.0,0.033,0.59
025,207.6,149.9,248.6,152.8,229.8,148.3,228.6,156.2,392.4,155.1,346.6,157.3,370.9,151.2,371.2,160.0,301.6,283.7,300.9,295.8,300.2,300.2,300.5,318.1,238.9,306.2,364.2,307.3,272.2,119.0,175.6,107.5,327.7,117.7,426.4,115.7,-1.4,0.6,4.6,0.983,0.0,0.0,0.0,0.016,0.58
026,205.3,149.5,251.6,152.0,228.9,147.6,227.8,154.6,394.4,154.5,349.4,155.9,373.1,151.2,373.3,159.5,303.1,283.3,302.7,296.1,300.2,301.2,300.3,321.4,243.3,306.8,360.8,306.5,275.4,119.8,176.5,114.2,327.0,118.9,425.5,112.7,-0.8,-0.6,3.1,0.961,0.0,0.0,0.0,0.039,0.58
027,199.1,151.3,246.0,153.0,226.0,149.2,222.9,156.4,390.6,154.2,349.6,154.4,371.4,150.2,371.8,159.2,301.4,283.8,299.8,295.5,296.0,299.3,296.4,317.7,238.1,304.2,358.2,305.3,271.3,119.4,169.8,111.1,329.4,116.5,413.7,117.1,-1.2,0.5,3.1,0.977,0.0,0.0,0.0,0.022,0.58
028,211.2,151.5,251.4,153.5,229.9,149.8,230.1,156.2,392.9,154.0,350.4,155.8,371.9,151.3,371.6,159.3,302.6,282.9,301.9,296.1,297.8,298.6,298.8,315.3,242.4,304.1,362.1,305.2,274.3,120.3,184.7,116.4,326.3,115.8,426.0,116.4,-1.6,0.7,3.2,0.971,0.0,0.0,0.0,0.028,0.59
029,199.9,150.2,245.3,155.1,224.2,150.3,222.8,157.8,395.6,159.8,346.9,159.2,373.3,155.5,372.2,164.7,302.2,285.1,301.4,295.8,299.5,299.2,299.8,317.2,239.2,304.1,360.5,306.0,269.1,119.2,173.5,104.5,328.3,119.4,430.3,119.1,-2.4,0.0,2.6,0.969,0.001,0.0,0.0,0.03,0.59
030,205.3,153.3,250.6,156.4,228.3,151.0,226.9,160.6,387.3,160.8,345.6,160.8,367.5,156.9,366.8,167.7,301.3,281.9,299.9,295.3,298.9,297.6,298.1,314.8,239.5,302.9,356.0,305.5,269.1,119.8,181.8,116.0,323.1,121.3,409.2,127.0,0.4,-1.1,2.2,0.976,0.001,0.0,0.0,0.023,0.6
031,179.7,292.0,226.1,291.0,202.1,291.7,203.2,300.1,357.2,292.4,316.0,294.0,336.1,292.0,336.5,299.4,279.3,427.4,280.1,435.2,281.1,454.7,282.2,473.8,223.2,429.8,336.3,427.2,239.2,258.3,142.1,249.8,308.7,257.7,394.8,254.9,-28.7,-1.3,1.1,0.935,0.0,0.0,0.0,0.065,0.4
032,175.5,285.3,221.7,286.4,200.0,285.4,201.1,293.0,365.8,282.4,319.2,287.9,342.7,283.5,343.3,293.0,277.9,422.9,278.9,431.4,278.4,437.4,279.7,452.3,218.2,426.8,342.8,424.2,236.9,253.2,154.4,240.3,307.8,255.4,400.1,246.4,-29.0,-0.2,0.4,0.92,0.001,0.0,0.0,0.079,0.41
033,181.3,282.1,230.8,281.9,204.3,278.6,207.2,288.8,359.4,280.0,316.5,282.0,337.7,279.3,338.4,289.0,278.5,417.1,279.0,425.6,280.1,430.3,280.0,442.3,222.9,421.9,342.6,420.6,242.6,249.5,154.7,236.7,308.1,246.3,394.6,240.2,-28.1,-0.2,-0.2,0.963,0.0,0.0,0.0,0.036,0.47
034,180.2,276.6,227.6,276.8,204.8,276.7,204.9,285.1,364.4,278.0,322.8,277.1,344.8,276.2,343.0,287.2,279.5,415.3,279.0,422.5,276.1,425.2,276.0,439.1,220.6,417.1,338.7,417.3,241.2,242.5,151.8,238.1,312.0,241.6,397.9,237.2,-25.5,0.6,-0.2,0.964,0.001,0.0,0.0,0.035,0.51
035,184.3,265.5,232.3,267.1,207.4,264.7,208.6,275.1,364.3,269.2,321.7,269.2,341.3,267.0,342.2,278.2,281.5,406.4,281.6,414.7,277.7,416.4,278.1,431.2,225.8,410.9,338.7,408.5,241.8,230.9,156.2,222.6,308.9,233.5,399.0,232.5,-25.3,-0.4,0.0,0.967,0.001,0.0,0.0,0.032,0.56
036,183.2,261.8,230.6,263.1,207.1,261.3,207.5,270.6,367.7,264.5,323.2,264.6,345.5,264.5,345.9,274.4,281.0,401.5,281.2,409.0,280.8,412.0,280.9,427.3,225.7,407.4,339.9,407.0,241.8,231.2,159.4,219.7,313.3,231.0,405.4,225.9,-25.6,-1.8,-1.0,0.965,0.002,0.0,0.0,0.033,0.57
037,183.1,260.3,226.7,262.8,204.8,261.5,204.7,269.3,362.5,263.3,320.9,262.5,342.3,263.6,342.2,270.9,280.0,400.6,280.3,409.9,277.4,410.2,279.3,423.3,218.9,405.7,339.4,404.4,244.4,223.6,147.6,219.5,312.0,226.6,397.3,224.5,-26.2,-1.3,-1.6,0.967,0.001,0.0,0.0,0.031,0.6
038,188.3,255.7,232.8,258.9,210.5,255.0,210.9,264.0,361.5,259.5,318.0,260.2,340.9,256.2,340.2,266.7,278.5,399.1,277.9,408.1,277.7,411.1,279.2,429.5,219.8,404.3,338.2,404.8,250.3,221.9,157.5,221.2,308.0,223.6,397.5,229.0,-28.5,-0.6,-1.5,0.944,0.03,0.0,0.0,0.024,0.59
039,182.0,252.2,226.0,256.0,206.0,247.8,205.6,259.9,362.8,250.3,318.7,254.5,341.5,248.3,343.0,259.4,280.9,401.9,280.8,411.9,277.5,415.4,278.3,430.6,221.7,407.4,336.3,406.6,242.4,218.7,145.7,205.9,304.3,215.7,391.2,201.1,-29.8,-1.9,-2.1,0.889,0.097,0.0,0.0,0.009,0.56
040,181.5,256.2,229.8,260.1,205.7,257.0,206.1,263.7,362.0,261.1,318.6,260.9,341.1,260.4,340.3,268.0,277.7,400.1,276.1,408.0,274.2,410.1,275.4,426.7,221.2,404.2,336.2,405.2,248.6,225.3,155.8,218.7,305.3,225.7,395.2,225.4,-26.0,-0.1,-1.7,0.958,0.003,0.0,0.0,0.039,0.59
041,182.8,257.8,225.9,260.4,206.2,257.8,206.0,266.2,358.8,263.1,320.0,261.3,340.7,259.6,339.0,268.5,278.9,399.9,276.6,407.1,272.6,409.8,271.4,426.6,218.0,404.5,335.3,404.0,248.1,222.5,154.4,223.5,309.5,225.8,391.5,226.3,-27.0,-1.1,-1.1,0.964,0.003,0.0,0.0,0.032,0.61
042,180.4,255.7,224.6,257.8,202.3,254.6,202.2,263.2,359.4,262.9,321.5,261.8,339.9,259.6,339.5,268.5,276.1,398.7,276.5,407.5,273.9,411.4,275.8,425.3,218.6,404.9,337.7,404.2,244.5,222.5,162.3,217.4,299.6,223.6,391.7,226.4,-27.3,0.0,-2.2,0.966,0.003,0.0,0.0,0.03,0.62
043,180.1,258.2,224.8,261.8,202.2,258.1,202.7,268.9,360.8,262.4,321.1,263.8,342.5,262.6,341.7,272.4,277.7,401.4,276.5,409.6,277.8,411.1,278.4,424.7,218.4,405.4,335.8,403.8,252.7,224.5,155.5,206.8,302.7,226.4,393.8,224.7,-27.1,-0.3,-2.4,0.961,0.002,0.0,0.0,0.037,0.63
044,178.1,262.1,220.1,263.6,197.5,262.3,199.4,269.4,354.2,268.3,315.2,267.2,333.9,266.9,333.6,275.9,275.5,404.6,274.9,412.3,272.0,415.2,273.9,429.1,214.9,408.5,334.2,408.2,242.8,226.6,144.7,221.8,303.7,230.0,386.8,232.7,-27.2,-0.2,-1.6,0.961,0.002,0.0,0.0,0.037,0.63
045,183.8,261.7,224.2,262.2,203.6,261.0,204.4,268.5,361.3,264.6,322.4,263.8,341.8,264.3,341.5,272.1,275.5,401.7,274.4,410.1,272.0,411.8,272.2,427.3,217.8,407.4,334.0,406.6,246.4,230.1,161.2,220.1,306.1,231.7,390.8,226.1,-27.0,0.9,-1.7,0.958,0.003,0.0,0.0,0.038,0.63
046,183.0,259.5,232.3,262.0,208.4,260.1,207.5,268.0,363.0,266.6,319.4,266.8,343.2,263.8,341.7,274.2,275.9,403.2,274.4,411.2,271.9,427.6,271.3,438.6,218.3,405.6,336.0,407.3,249.5,225.6,161.4,218.8,307.2,230.5,397.5,233.6,-25.8,1.4,-2.3,0.943,0.005,0.0,0.0,0.051,0.62
047,181.7,260.0,225.6,262.1,202.7,259.4,203.7,267.9,367.0,264.3,322.8,265.2,344.8,264.6,345.4,272.5,276.1,404.7,274.7,412.5,272.5,418.2,272.6,435.5,219.9,411.8,339.4,411.5,241.9,233.4,158.4,221.0,307.2,232.3,394.9,229.9,-29.7,1.1,-2.9,0.956,0.003,0.0,0.0,0.04,0.62
048,180.3,257.7,226.9,262.0,204.8,257.7,203.8,266.7,368.0,263.5,325.0,265.4,347.7,264.2,347.6,272.8,274.8,402.1,273.3,410.0,271.6,415.0,272.6,427.7,215.7,405.8,336.7,409.3,247.7,223.2,163.2,212.5,315.6,224.8,398.2,226.9,-28.0,1.2,-1.7,0.96,0.003,0.0,0.0,0.037,0.62
049,177.5,258.9,223.1,262.0,198.8,260.2,199.9,265.9,366.6,265.5,326.6,266.1,346.6,264.4,346.8,272.7,276.0,403.8,275.5,411.2,273.6,417.8,275.4,434.3,214.6,408.7,338.8,410.1,244.3,222.6,155.6,214.8,316.1,228.4,393.5,225.7,-29.9,0.8,-1.0,0.957,0.003,0.0,0.0,0.039,0.62
050,185.3,259.1,228.5,260.8,207.1,258.5,207.8,266.1,359.7,264.3,320.4,265.2,341.6,263.2,340.5,270.7,276.5,404.9,275.0,412.0,273.6,413.8,274.7,429.2,215.5,406.3,333.8,409.6,251.3,226.6,157.6,222.3,308.9,230.3,390.0,230.4,-29.0,0.2,-1.9,0.958,0.014,0.0,0.0,0.026,0.62
051,180.3,255.6,227.2,261.6,204.6,254.7,204.1,265.4,364.3,265.5,318.3,264.9,342.9,260.4,341.1,271.7,278.3,403.0,277.8,412.4,274.2,414.7,274.2,430.3,217.6,409.2,338.5,409.8,245.0,223.0,147.4,220.8,302.5,226.2,396.2,234.4,-29.0,1.0,-2.5,0.965,0.008,0.0,0.0,0.026,0.61
052,181.3,260.2,223.1,264.4,204.9,260.9,201.9,269.3,357.6,267.1,320.7,267.0,339.2,265.6,337.8,274.2,277.1,402.2,275.5,411.7,272.4,417.3,274.8,434.8,217.0,407.8,331.5,410.4,249.1,228.9,148.5,226.3,306.8,230.0,394.9,233.8,-27.5,0.9,-2.8,0.953,0.002,0.0,0.0,0.045,0.62
053,187.7,262.6,227.2,264.6,206.6,259.8,207.5,271.3,360.7,267.0,317.8,266.9,338.3,263.1,338.1,275.6,274.9,404.9,273.9,411.1,274.1,417.0,273.4,427.6,219.2,406.4,336.9,408.4,237.8,235.4,164.2,227.6,299.9,235.2,392.3,231.3,-27.8,0.8,-1.9,0.965,0.005,0.0,0.0,0.029,0.63
054,183.2,261.0,224.5,263.1,204.6,258.6,204.9,268.4,360.2,266.6,318.2,267.6,338.9,264.5,338.6,274.6,274.8,406.9,275.3,415.8,274.5,413.9,276.1,428.4,217.8,408.6,338.9,411.8,242.4,222.1,155.0,220.7,296.5,221.3,393.3,230.9,-28.4,0.9,-2.0,0.964,0.004,0.0,0.0,0.032,0.62
055,179.9,263.8,225.1,264.0,204.2,260.9,204.1,271.1,359.3,269.2,323.7,267.7,342.7,265.7,341.2,276.1,276.9,405.9,275.6,412.3,277.0,418.6,275.1,433.4,214.1,409.5,335.6,410.2,245.2,223.7,152.1,217.7,308.9,230.4,395.3,231.3,-28.8,0.7,-1.8,0.962,0.003,0.0,0.0,0.034,0.62
056,184.7,261.1,230.8,264.5,208.0,259.7,207.5,267.3,360.9,265.7,322.2,265.3,344.5,262.1,342.3,270.7,277.3,405.3,275.2,416.0,272.8,422.6,272.2,440.2,213.7,410.5,337.7,411.4,251.8,228.0,153.8,225.2,303.7,226.9,395.6,229.7,-28.8,0.9,-2.7,0.967,0.003,0.0,0.0,0.029,0.61
057,183.9,261.0,228.8,265.5,207.2,260.4,207.4,269.6,361.8,267.8,318.8,269.2,341.4,265.7,340.5,275.8,274.7,407.0,274.4,415.7,272.8,418.3,273.5,433.6,218.2,411.3,336.9,413.2,248.9,230.6,157.6,211.5,303.9,234.0,397.0,221.5,-28.8,0.6,-1.2,0.97,0.004,0.0,0.0,0.026,0.62
058,179.3,260.6,223.8,263.0,201.1,262.0,202.1,269.8,366.7,268.1,325.2,268.0,346.4,266.6,345.4,275.1,275.7,407.2,274.2,414.3,274.1,417.0,273.4,433.3,217.6,410.9,335.5,412.6,247.3,229.2,149.0,219.1,311.6,232.5,407.5,226.8,-28.7,0.8,-1.0,0.955,0.004,0.0,0.0,0.041,0.61
059,182.6,262.3,224.4,266.6,204.8,263.0,204.0,271.5,355.1,272.8,317.9,271.5,338.4,268.8,336.5,277.6,275.2,408.6,272.3,414.8,272.6,418.7,272.0,434.0,213.2,409.3,332.7,413.3,248.8,232.6,157.1,223.2,308.8,233.3,393.0,235.5,-28.8,0.9,-1.4,0.967,0.001,0.0,0.0,0.031,0.62
060,190.1,262.1,229.2,262.7,208.3,261.2,209.4,269.0,358.9,268.2,320.8,268.0,341.0,266.1,339.2,274.2,276.7,407.7,276.2,416.7,274.1,415.4,273.9,430.9,216.5,410.5,332.2,412.7,249.8,231.7,157.1,228.4,301.4,233.4,390.7,238.2,-28.2,0.3,-2.2,0.972,0.005,0.0,0.0,0.022,0.62
061,209.1,129.3,264.3,135.0,235.8,128.1,236.5,142.1,419.7,139.0,367.6,143.3,394.6,135.5,395.5,149.0,315.6,278.1,315.8,286.0,314.8,294.7,314.7,309.5,254.6,288.6,373.2,289.8,285.2,101.9,193.6,91.3,351.6,101.2,438.3,98.0,-27.5,1.6,-8.2,0.976,0.0,0.0,0.0,0.024,0.0
062,205.8,127.0,266.9,136.6,235.8,129.2,235.4,143.7,430.7,138.3,370.0,140.9,400.7,137.1,401.2,148.1,309.5,279.6,310.9,289.8,311.9,296.3,312.2,311.5,255.3,286.6,370.7,291.7,288.4,102.3,182.3,81.8,359.6,101.5,460.2,92.6,-23.2,-0.4,-5.9,0.99,0.0,0.0,0.0,0.009,0.03
063,219.5,131.6,264.7,135.0,241.9,130.2,240.8,143.1,406.1,141.2,363.6,140.0,383.8,136.3,383.5,150.4,310.2,277.0,309.8,289.1,308.5,296.8,309.1,310.8,254.5,285.9,371.2,287.5,278.8,102.1,200.5,96.7,347.5,105.3,440.1,100.0,-19.3,1.0,-5.2,0.987,0.0,0.0,0.0,0.012,0.47
064,220.2,130.8,265.9,135.0,241.4,130.2,241.3,142.1,413.9,140.1,366.9,140.0,388.6,138.2,388.7,150.4,309.9,274.7,309.6,281.7,307.2,300.8,306.2,314.0,255.4,280.7,375.7,283.1,278.7,100.6,209.3,91.0,351.3,103.0,440.2,99.2,-19.9,1.6,-4.6,0.988,0.0,0.001,0.0,0.01,0.5
065,220.7,132.7,266.5,136.6,243.1,133.7,243.1,141.4,407.8,141.5,361.5,141.6,383.6,139.3,385.0,148.5,317.1,278.7,316.7,287.3,311.4,291.6,310.7,305.7,257.0,284.2,375.7,287.8,282.8,102.8,194.6,97.9,347.0,104.1,440.7,100.1,-21.9,0.7,-5.1,0.985,0.0,0.0,0.0,0.015,0.56
066,218.4,130.6,264.1,137.2,241.4,133.5,239.9,143.1,416.2,141.4,364.6,142.7,392.0,141.1,391.8,149.3,316.4,278.9,315.7,288.1,313.5,294.0,312.0,312.7,262.0,288.0,375.0,290.2,285.1,102.7,195.5,87.7,347.1,104.5,444.6,104.9,-23.4,-0.6,-3.4,0.963,0.0,0.0,0.0,0.036,0.84
067,221.7,130.2,265.6,136.9,243.7,134.6,242.9,141.6,414.8,142.0,369.7,141.5,394.6,141.8,394.3,149.5,315.7,280.9,315.8,290.3,314.0,292.8,313.2,311.8,262.0,287.7,376.7,292.3,284.3,104.9,202.9,92.2,343.7,106.6,444.8,98.1,-20.2,-1.0,-2.4,0.965,0.0,0.0,0.0,0.035,0.96
068,221.1,131.2,265.3,136.7,244.6,133.2,242.4,143.5,411.6,143.1,366.7,142.0,390.5,142.0,389.9,151.4,314.8,279.8,313.7,288.1,311.6,292.1,309.9,305.6,261.1,285.3,377.7,291.4,283.4,104.5,199.1,89.0,349.7,102.8,443.9,103.4,-20.3,-1.2,-2.9,0.969,0.0,0.0,0.0,0.031,0.96
069,216.4,127.8,265.4,134.7,241.8,132.6,239.5,139.8,416.4,141.1,368.4,139.3,393.4,141.2,392.7,148.7,314.2,279.0,313.1,289.2,310.2,296.1,309.2,314.5,257.8,284.1,377.0,289.2,287.3,102.6,199.9,84.1,344.8,104.0,439.9,96.3,-20.8,-0.8,-2.4,0.973,0.0,0.0,0.0,0.027,0.95
070,216.4,127.2,264.4,135.6,241.1,130.7,239.3,140.2,414.5,140.2,367.1,139.3,394.0,139.5,391.7,148.8,313.4,279.2,312.7,288.4,308.4,291.7,306.9,309.6,258.7,284.2,371.3,290.6,283.2,96.9,198.0,75.0,347.4,99.6,444.8,90.9,-19.4,-1.2,-3.8,0.971,0.0,0.0,0.0,0.029,0.96
071,209.4,127.3,257.2,134.7,234.2,131.7,232.3,139.4,416.7,139.4,364.3,139.2,392.0,138.5,391.4,148.5,315.0,280.4,312.6,289.1,310.3,293.3,308.9,309.9,255.6,286.7,368.2,290.8,280.7,101.8,183.4,81.9,349.2,103.2,442.1,100.5,-19.3,-1.5,-3.6,0.938,0.0,0.0,0.0,0.062,0.93
072,219.3,131.7,263.7,137.6,242.5,134.4,241.9,143.2,414.3,144.4,366.9,141.4,393.9,142.6,390.9,150.4,313.5,281.9,312.0,290.1,309.7,290.9,307.6,308.0,258.6,285.7,369.3,291.2,283.5,106.3,193.6,83.1,347.3,106.6,442.9,102.6,-19.7,-0.2,-4.0,0.966,0.0,0.0,0.0,0.033,0.97
073,212.4,128.6,261.8,134.7,236.3,133.1,235.9,139.7,416.5,140.0,367.9,140.5,395.4,140.6,393.3,148.9,313.3,281.5,311.8,290.8,309.5,292.7,308.1,307.6,253.9,285.8,373.3,290.9,289.3,93.3,194.3,83.5,352.0,98.9,448.4,96.0,-20.1,-0.3,-2.8,0.95,0.0,0.0,0.0,0.049,0.93
074,214.3,131.7,259.3,139.0,237.1,135.7,235.7,143.5,410.7,143.5,362.8,143.6,387.0,142.9,386.6,150.9,312.9,281.5,311.2,291.3,308.7,291.9,307.0,309.0,255.3,289.9,368.8,292.8,279.7,106.3,193.9,89.7,340.5,107.1,437.0,106.5,-21.1,0.0,-3.9,0.968,0.0,0.0,0.0,0.031,0.95
075,220.2,129.9,266.4,135.8,243.5,130.9,243.0,140.6,418.3,147.9,370.6,144.5,394.7,143.7,393.8,152.3,315.2,280.3,314.4,291.0,314.1,292.4,315.2,311.2,261.5,286.4,376.8,293.8,290.2,102.6,203.4,91.6,352.2,104.3,449.3,108.6,-20.4,0.0,-2.2,0.957,0.0,0.0,0.0,0.042,0.94
076,218.9,128.7,265.5,135.2,242.9,130.9,241.5,142.3,416.4,143.8,371.1,141.4,394.1,139.4,393.0,151.1,315.7,280.5,314.4,289.5,311.2,290.3,309.9,306.7,258.6,286.7,373.7,293.8,291.6,93.7,200.0,83.6,353.1,96.0,448.0,100.7,-20.0,0.4,-2.2,0.956,0.0,0.0,0.0,0.044,0.93
077,225.1,130.5,267.2,134.4,245.7,133.4,246.6,140.6,414.2,141.7,367.2,139.9,391.5,139.3,390.0,147.6,315.3,278.8,314.2,288.2,310.3,286.8,309.6,303.5,260.9,286.8,374.0,290.1,293.7,102.3,203.3,90.2,355.4,97.5,445.8,104.3,-19.5,-0.9,-2.1,0.967,0.0,0.0,0.0,0.032,0.95
078,225.9,129.2,266.9,134.8,245.3,131.8,245.8,139.9,417.4,143.1,373.1,141.2,395.9,141.1,393.9,150.1,317.8,279.1,317.7,287.7,313.3,294.4,312.5,309.8,262.2,286.5,370.1,291.1,289.1,104.3,198.0,85.3,348.6,103.0,447.6,101.5,-19.3,-0.6,-3.0,0.962,0.0,0.0,0.0,0.038,0.95
079,218.2,127.9,264.4,136.3,241.4,131.4,239.8,140.4,417.9,141.3,366.6,140.7,394.3,139.7,392.2,148.6,313.7,279.7,312.0,287.9,312.8,291.9,311.7,307.9,259.6,283.4,372.2,290.3,285.4,103.0,197.7,82.2,349.6,102.2,438.6,98.6,-20.5,-0.6,-2.6,0.959,0.0,0.0,0.0,0.041,0.95
080,228.0,128.9,273.2,135.0,250.6,131.4,250.6,138.6,417.4,142.8,372.0,140.1,395.8,140.3,392.6,148.4,314.7,280.2,313.8,292.1,312.3,293.0,311.3,310.4,261.6,287.8,373.5,291.9,298.3,99.6,200.6,91.3,346.5,101.6,450.6,101.9,-19.3,-0.6,-2.6,0.96,0.0,0.0,0.0,0.04,0.95
081,216.5,126.8,266.7,134.5,241.6,130.6,240.1,139.8,417.6,144.2,368.6,142.1,393.4,142.2,392.0,152.3,315.2,283.0,314.7,292.3,312.6,294.5,311.7,309.2,261.6,286.4,371.7,294.0,287.8,105.6,197.7,80.5,349.9,108.0,445.5,101.9,-20.9,-0.4,-2.1,0.963,0.0,0.0,0.0,0.036,0.94
082,224.8,131.7,267.3,136.2,245.5,132.9,246.3,140.9,418.0,143.1,373.5,141.8,397.0,141.8,396.3,149.4,315.2,280.7,314.6,289.6,313.7,297.6,312.3,314.7,259.3,288.3,375.2,292.7,287.8,106.0,205.6,97.1,353.6,103.9,446.2,106.6,-20.5,-0.3,-2.7,0.951,0.0,0.0,0.0,0.049,0.96
083,225.1,130.0,266.8,135.0,246.9,133.1,245.7,139.3,418.8,142.4,373.8,142.6,397.4,142.4,396.2,150.0,315.5,280.7,315.4,290.8,311.9,293.5,312.4,311.6,262.1,285.8,371.8,292.5,293.9,107.4,200.0,86.2,351.5,107.2,450.1,108.3,-19.3,-0.7,-1.7,0.961,0.0,0.0,0.0,0.039,0.95
084,223.7,129.5,265.2,136.0,244.9,132.6,243.6,140.5,416.2,144.0,370.7,142.5,394.1,142.8,393.1,151.8,316.8,280.5,316.9,289.9,317.8,294.3,316.1,309.9,261.3,286.4,377.7,292.3,289.6,104.3,205.7,84.0,351.7,105.6,443.4,102.7,-20.7,0.1,-2.5,0.954,0.0,0.0,0.0,0.045,0.96
085,225.0,134.6,270.8,140.9,248.2,135.7,247.0,146.2,411.7,146.8,368.0,143.2,391.6,143.2,389.5,152.8,315.8,281.9,314.0,291.3,313.4,293.3,311.8,308.6,261.6,288.6,374.2,292.6,293.0,105.9,198.3,96.4,350.8,105.5,444.4,103.5,-18.8,-1.1,-2.6,0.959,0.0,0.0,0.0,0.041,0.97
086,225.9,133.5,269.6,140.1,247.6,135.9,246.0,144.7,420.7,146.4,371.6,145.5,396.6,145.5,395.7,153.2,315.1,282.0,314.2,292.7,312.6,295.9,311.4,311.9,260.4,286.8,377.2,295.4,292.8,105.8,205.4,97.9,350.8,108.9,447.3,109.7,-20.9,-0.1,-2.2,0.953,0.0,0.0,0.0,0.047,0.96
087,225.6,133.0,268.1,137.6,247.3,135.6,246.2,142.9,418.5,146.9,370.9,144.6,396.7,146.8,394.2,152.3,316.7,281.4,315.8,289.0,311.8,293.5,310.0,308.1,258.2,285.1,375.4,292.8,291.3,108.4,200.0,95.4,350.8,108.6,444.4,106.4,-17.7,-0.6,-1.9,0.96,0.0,0.0,0.0,0.04,0.96
088,228.0,134.7,272.9,140.0,251.4,134.8,250.2,147.2,414.9,148.8,370.4,145.8,393.9,144.3,393.4,155.4,315.8,282.0,314.7,292.3,310.4,294.6,310.0,309.5,259.9,290.8,376.9,295.3,292.4,107.3,207.8,96.7,355.2,106.3,446.5,108.4,-21.2,-0.7,-2.2,0.956,0.0,0.0,0.0,0.044,0.96
089,219.8,129.6,270.1,139.1,246.2,133.5,243.7,142.5,416.0,146.1,369.4,144.9,394.2,144.3,392.9,153.6,319.6,281.6,318.3,292.2,316.6,297.8,315.3,320.2,264.0,289.8,377.4,293.4,290.4,105.6,206.0,87.6,355.0,103.9,438.0,101.7,-19.0,-0.2,-1.7,0.947,0.0,0.0,0.0,0.052,0.95
090,227.5,134.7,271.2,139.3,249.7,136.5,248.8,142.9,422.3,146.0,371.8,145.8,397.2,145.2,397.2,153.3,315.3,282.5,317.1,292.1,318.0,291.5,318.4,310.1,264.1,289.4,380.4,292.2,295.3,106.2,207.7,95.3,349.5,109.4,457.1,104.5,-21.2,0.1,-2.8,0.944,0.0,0.0,0.0,0.056,0.95
091,210.7,190.7,256.5,198.2,233.3,193.3,233.7,203.8,407.3,205.6,360.3,203.1,384.1,204.4,385.3,214.0,304.2,341.0,305.0,350.5,300.1,350.9,300.1,368.1,250.7,341.2,367.8,347.7,280.7,164.0,179.5,143.9,343.3,166.3,445.2,164.0,-29.0,0.6,-3.2,0.957,0.0,0.0,0.0,0.043,0.52
092,209.3,192.1,256.4,197.3,231.0,194.0,233.7,204.0,409.6,202.9,358.4,203.9,386.5,205.1,387.2,214.3,308.1,339.4,307.4,346.6,298.2,373.1,297.8,397.1,250.7,341.0,367.6,343.6,273.8,160.1,187.6,135.7,341.0,162.2,446.9,156.0,-30.5,0.9,-3.8,0.954,0.0,0.0,0.0,0.046,0.53
093,209.6,191.0,259.3,195.2,235.3,193.9,234.4,204.3,410.3,198.9,356.8,201.6,384.7,201.4,385.2,213.4,307.3,338.7,307.8,346.4,307.6,368.7,307.1,389.5,252.3,341.8,368.0,344.6,271.3,159.5,181.9,136.7,338.0,163.4,449.3,157.5,-30.4,0.7,-3.5,0.965,0.0,0.0,0.0,0.035,0.53
094,207.5,193.2,254.9,196.7,231.7,195.0,232.6,205.3,411.4,202.0,358.6,202.1,386.6,202.3,386.5,214.3,308.1,340.5,308.5,348.6,307.0,362.4,306.1,378.7,250.6,339.9,370.3,344.7,272.6,156.9,185.6,139.9,341.6,161.4,451.3,163.7,-28.9,1.0,-3.9,0.951,0.0,0.0,0.0,0.048,0.52
095,212.5,191.4,261.2,199.5,238.3,191.8,236.4,203.8,405.5,201.7,352.1,202.3,379.6,197.1,379.8,214.5,305.3,336.7,304.7,346.4,305.8,360.9,306.9,378.2,251.7,339.3,369.2,343.3,272.8,156.0,189.4,143.4,334.4,160.2,444.3,163.8,-27.3,0.4,-4.3,0.956,0.0,0.0,0.0,0.043,0.53
096,207.4,193.5,253.0,197.1,230.3,196.2,230.6,204.1,399.9,202.9,350.1,202.9,377.5,203.4,377.1,212.5,303.9,340.8,301.8,349.1,299.9,376.3,300.7,396.6,248.7,341.4,352.4,349.6,270.9,158.5,178.9,150.2,340.7,164.6,439.5,162.1,-26.9,-1.4,-3.8,0.963,0.0,0.0,0.0,0.037,0.71
097,214.6,193.0,257.3,194.5,237.0,192.7,235.0,201.5,406.8,202.3,355.4,200.7,383.6,199.7,383.0,209.4,308.0,335.3,306.4,344.6,302.6,368.2,300.9,390.0,246.2,337.2,361.6,343.2,278.5,153.5,195.1,140.7,342.9,160.3,438.8,158.8,-28.0,-1.0,-3.1,0.97,0.0,0.0,0.0,0.03,0.87
098,216.6,191.3,258.9,194.9,237.1,193.8,235.0,201.7,403.3,199.4,356.0,199.7,382.5,199.6,381.0,209.5,307.3,339.1,308.1,346.3,308.1,365.1,308.7,381.8,251.3,336.9,372.8,342.2,276.7,157.4,193.4,142.9,335.7,159.4,437.0,159.1,-26.9,0.0,-3.4,0.972,0.0,0.0,0.0,0.028,0.87
099,212.7,190.1,257.2,195.3,234.8,193.2,232.9,201.6,406.8,203.4,356.4,201.3,383.0,201.9,382.7,211.1,305.7,336.5,304.9,346.2,303.5,372.8,301.9,396.2,247.5,340.6,367.7,343.6,277.0,153.2,187.6,136.4,338.0,158.8,448.1,160.0,-25.6,-0.1,-4.1,0.96,0.0,0.0,0.0,0.04,0.85
100,211.1,190.3,261.2,193.4,236.7,190.7,235.7,201.7,405.1,201.7,356.4,200.7,384.3,196.1,381.8,208.6,307.4,332.9,306.7,339.4,306.7,362.6,304.8,378.5,247.4,334.1,372.3,340.2,275.7,149.9,198.4,138.6,340.9,154.5,441.0,159.3,-26.0,-0.6,-3.9,0.969,0.0,0.0,0.0,0.031,0.87
101,212.6,188.7,257.4,194.7,237.2,190.6,234.6,199.5,402.4,204.5,357.3,200.9,381.5,200.8,381.1,210.2,306.7,338.3,307.0,347.1,307.7,355.9,307.4,375.7,251.8,336.2,369.5,343.8,274.6,156.1,188.3,139.2,343.1,157.8,441.4,160.2,-27.6,-1.9,-2.9,0.967,0.0,0.0,0.0,0.033,0.87
102,211.4,191.2,258.0,191.9,233.8,192.2,233.2,199.7,404.8,203.0,357.5,202.1,382.4,201.8,382.2,210.6,305.5,334.0,304.6,339.1,305.1,369.7,305.0,388.8,248.3,337.3,369.8,342.1,274.5,158.3,188.1,142.2,344.8,165.6,442.1,165.7,-27.9,-1.2,-3.9,0.967,0.0,0.0,0.0,0.033,0.87
103,213.1,185.7,258.0,189.3,236.3,185.6,234.7,195.6,405.9,197.7,356.7,197.8,383.3,193.0,383.3,205.7,307.2,331.7,306.6,338.1,306.0,361.7,305.0,380.8,252.2,333.3,372.0,340.1,276.7,146.5,192.2,130.8,339.9,151.4,442.4,154.9,-28.2,0.7,-4.1,0.958,0.0,0.0,0.0,0.042,0.87
104,210.3,187.7,256.4,192.5,234.1,188.2,232.0,198.0,405.8,199.0,356.0,197.5,382.6,195.5,382.7,207.4,308.1,332.0,306.0,341.3,299.8,361.6,299.8,382.5,248.0,333.6,357.4,344.3,278.1,153.4,185.8,137.7,340.5,158.1,441.0,157.0,-27.3,-0.4,-4.0,0.968,0.0,0.0,0.0,0.032,0.86
105,217.2,186.8,259.7,194.8,240.4,190.4,238.4,198.4,405.0,198.3,356.0,198.2,381.6,197.3,381.4,206.7,307.6,332.4,306.0,342.6,303.4,366.3,301.1,389.8,249.5,335.3,369.8,341.9,281.5,149.6,192.0,132.0,343.7,153.0,446.4,152.0,-27.3,-1.0,-3.3,0.966,0.0,0.0,0.0,0.033,0.87
106,213.4,186.3,260.0,190.8,238.0,187.9,235.8,197.8,401.4,200.7,357.5,197.8,381.6,198.0,380.9,208.1,307.5,331.7,305.5,342.1,299.8,367.1,298.2,387.7,248.6,337.5,368.4,340.9,279.6,150.0,190.2,142.3,341.0,157.6,444.6,157.0,-27.6,0.0,-3.9,0.967,0.0,0.0,0.0,0.032,0.86
107,232.1,178.9,278.0,185.0,257.2,182.2,254.6,188.8,422.6,193.5,375.0,191.7,400.7,192.2,401.0,201.2,322.2,331.8,321.6,339.0,319.1,356.8,318.8,370.8,268.2,328.7,379.7,339.5,299.4,155.4,204.1,138.7,356.0,162.1,456.8,156.0,-27.9,2.5,-1.4,0.972,0.0,0.0,0.0,0.028,0.91
108,233.6,179.9,277.6,185.8,256.0,181.8,255.4,190.5,426.3,198.9,382.6,195.9,405.5,195.1,406.1,205.4,321.5,330.9,320.4,340.7,316.3,341.6,315.5,362.4,262.8,331.8,377.1,339.5,298.8,144.2,204.4,129.6,364.4,151.7,459.9,159.5,-27.1,2.3,-1.6,0.955,0.001,0.0,0.0,0.044,0.9
109,225.1,176.4,269.3,182.5,246.3,180.2,245.3,188.3,420.9,197.2,374.0,194.4,398.1,193.5,397.3,203.3,318.1,327.2,317.3,336.0,316.4,351.9,315.2,369.2,260.2,327.7,378.6,336.7,287.9,140.0,200.4,131.9,355.9,148.0,455.0,158.3,-28.6,2.7,-1.5,0.962,0.0,0.0,0.0,0.038,0.89
110,223.5,177.9,271.3,188.7,249.6,182.6,245.3,191.2,418.4,201.6,373.8,199.2,398.4,198.2,396.7,208.4,316.9,333.8,315.1,343.0,316.6,352.6,315.9,372.8,259.4,332.4,377.9,341.7,293.2,154.5,196.9,128.2,355.2,156.2,455.4,159.3,-28.8,2.0,-2.1,0.944,0.0,0.0,0.0,0.055,0.87
111,221.7,181.3,271.6,188.5,246.9,182.9,245.1,194.0,422.3,200.9,372.4,198.5,399.8,196.2,398.9,209.2,315.3,334.1,315.3,341.6,311.4,340.7,311.2,356.6,254.3,326.1,377.0,333.2,290.0,151.9,197.1,137.7,359.1,155.7,458.2,163.0,-29.0,2.5,-3.1,0.977,0.0,0.0,0.0,0.022,0.89
112,228.0,184.0,275.1,192.1,253.5,188.4,250.7,195.3,420.0,200.1,372.8,199.4,399.0,198.2,397.7,207.8,317.0,335.2,315.4,344.8,311.7,343.7,311.5,361.8,255.5,330.0,381.6,333.8,302.6,157.4,210.4,141.1,358.6,162.6,451.2,163.2,-28.3,2.8,-2.4,0.967,0.0,0.0,0.0,0.033,0.88
113,216.1,184.0,262.3,189.4,239.4,189.9,239.5,196.3,415.0,199.6,365.9,198.8,392.1,200.9,392.4,209.1,310.3,336.8,310.3,343.9,308.3,356.9,308.5,371.8,256.8,331.6,376.4,337.0,293.9,152.9,194.9,131.6,349.2,155.6,451.9,155.9,-28.5,2.1,-1.9,0.97,0.0,0.0,0.0,0.03,0.89
114,215.6,183.4,260.5,188.9,240.6,186.1,237.7,194.1,410.2,201.7,361.8,198.7,388.2,196.6,387.4,207.8,309.5,335.1,308.9,343.1,307.6,359.6,306.6,376.6,248.5,332.4,373.6,342.4,284.1,148.4,194.2,130.6,346.8,154.0,446.2,159.7,-27.3,1.2,-3.2,0.949,0.0,0.0,0.0,0.051,0.87
115,213.8,186.1,263.8,192.1,240.1,189.2,237.9,196.5,406.6,203.1,353.2,201.3,383.0,200.4,381.9,211.9,308.8,338.0,306.7,346.2,305.0,363.6,304.1,382.1,250.1,336.0,369.9,344.2,288.1,152.8,185.7,136.8,338.5,159.6,448.4,168.0,-26.0,0.4,-3.0,0.967,0.0,0.0,0.0,0.033,0.87
116,213.6,186.0,258.8,191.0,236.7,190.0,235.2,196.1,408.9,200.6,361.2,199.4,386.9,199.9,385.3,209.0,307.4,336.8,305.1,346.5,306.3,352.7,304.7,369.4,245.6,336.5,368.8,344.8,282.4,153.6,191.7,135.0,337.6,158.6,443.4,162.6,-28.4,2.0,-3.5,0.963,0.0,0.0,0.0,0.036,0.86
117,216.5,188.5,260.6,195.3,239.5,191.9,236.2,200.8,403.7,205.2,359.3,202.1,382.1,204.3,383.5,210.8,306.3,333.7,304.4,344.1,300.2,371.8,298.6,394.5,243.6,340.8,357.0,347.3,284.5,151.9,187.3,135.8,341.8,158.5,438.7,162.1,-27.8,0.1,-3.3,0.97,0.0,0.0,0.0,0.029,0.87
118,221.4,186.4,265.7,191.6,245.3,187.5,242.4,196.6,415.6,202.9,366.0,200.7,391.8,198.9,391.8,210.1,309.7,338.0,309.0,345.5,307.6,349.9,306.1,364.4,256.1,336.3,366.9,342.0,288.2,154.7,200.5,143.4,349.4,159.2,446.1,162.3,-26.9,0.8,-2.8,0.965,0.0,0.0,0.0,0.035,0.89
119,218.8,185.3,262.7,190.7,241.7,187.7,239.0,197.6,404.7,202.9,360.7,199.9,383.9,199.0,383.5,209.7,310.1,336.6,308.0,344.3,305.7,363.1,303.9,379.0,250.0,334.7,368.7,343.2,290.0,155.2,192.9,144.6,348.1,159.6,443.7,164.2,-26.1,0.7,-3.9,0.968,0.0,0.0,0.0,0.031,0.89
120,218.9,183.3,261.9,189.1,241.4,186.6,239.4,195.8,409.8,199.4,359.7,197.7,386.0,198.1,386.1,208.0,309.2,332.8,308.1,342.0,306.7,355.9,306.0,370.6,251.4,334.1,371.9,339.7,286.5,146.7,197.0,130.4,342.1,153.5,443.9,160.7,-26.5,0.5,-3.8,0.959,0.0,0.0,0.0,0.041,0.89
121,212.8,118.2,269.6,122.7,239.0,114.4,239.6,129.4,420.0,124.0,367.3,128.9,392.8,118.3,393.7,136.0,311.6,263.1,312.8,270.2,313.5,273.8,314.1,292.1,254.9,270.4,374.2,273.1,283.7,91.3,195.2,77.2,353.8,84.6,463.4,85.4,-18.5,2.9,-2.6,0.956,0.0,0.0,0.0,0.044,0.01
122,217.2,119.0,270.5,124.1,244.9,114.2,243.8,130.2,420.3,124.4,370.5,128.8,393.5,119.1,396.0,136.2,315.3,258.6,315.3,267.5,316.4,283.6,315.8,300.3,257.9,270.0,375.0,270.0,283.2,90.1,198.6,77.2,356.9,82.5,454.2,80.4,-20.6,4.2,-1.4,0.952,0.0,0.0,0.0,0.048,0.0
123,222.1,121.2,273.3,124.8,246.6,115.8,247.1,130.6,414.3,125.4,367.3,127.7,391.0,118.5,390.6,135.0,314.0,257.7,314.0,264.7,315.2,299.1,313.1,312.2,257.2,270.0,376.9,270.9,288.3,91.3,205.0,81.0,352.8,83.4,442.4,87.3,-15.1,4.7,-2.6,0.952,0.0,0.0,0.0,0.047,0.02
124,210.1,116.9,270.9,123.7,240.6,115.2,240.9,129.3,419.3,123.9,366.9,129.3,392.1,120.6,394.3,134.5,315.1,261.6,316.4,269.2,316.7,270.3,317.5,283.7,257.1,270.6,374.9,271.7,282.1,91.4,197.9,73.5,352.0,87.7,451.6,83.8,-13.7,4.1,-2.8,0.96,0.0,0.0,0.0,0.04,0.05
125,218.8,119.6,267.6,122.9,243.5,117.3,242.7,128.9,410.5,128.9,366.7,129.3,391.6,123.2,388.8,135.6,310.8,263.1,310.0,271.3,311.7,277.3,311.8,289.1,257.9,270.1,375.2,267.9,279.7,88.4,203.5,84.4,350.2,86.0,437.3,88.2,-11.5,2.3,-5.6,0.974,0.0,0.0,0.0,0.025,0.22
126,221.2,119.5,268.8,124.3,242.9,116.5,243.9,129.3,408.8,124.4,359.6,128.8,383.0,121.3,384.9,134.2,315.8,257.9,316.5,267.2,315.1,272.6,316.9,284.4,258.6,265.0,375.3,268.6,279.4,87.1,200.1,77.9,344.6,84.7,439.0,85.0,-12.4,0.9,-5.5,0.966,0.0,0.0,0.0,0.034,0.24
127,218.8,119.0,267.3,126.1,244.5,117.3,242.7,130.3,407.5,128.0,361.9,129.0,384.7,121.5,384.2,136.1,314.0,258.7,313.9,270.1,314.9,274.9,317.5,290.4,258.2,270.5,376.7,272.0,283.1,91.9,201.3,78.8,351.5,91.0,437.9,87.0,-14.9,1.6,-4.3,0.965,0.0,0.0,0.0,0.034,0.23
128,224.0,116.6,270.6,121.1,248.1,111.2,247.3,127.9,412.7,125.8,365.4,126.9,387.8,118.1,388.7,136.2,314.0,257.0,314.1,266.5,310.9,278.5,308.9,295.6,256.5,271.0,377.6,273.7,277.0,89.9,209.4,71.1,353.6,86.0,438.7,81.8,-12.6,2.8,-5.5,0.959,0.0,0.0,0.0,0.04,0.23
129,223.0,116.2,270.8,120.2,247.2,113.0,247.6,126.0,409.8,124.5,366.4,125.3,388.9,119.1,389.2,133.5,315.0,260.2,314.6,267.6,312.5,274.4,313.0,291.0,256.7,269.2,374.4,273.0,283.8,88.7,203.1,83.7,354.3,86.7,436.6,87.3,-12.3,2.7,-5.1,0.958,0.0,0.0,0.0,0.042,0.24
130,219.2,117.2,264.2,121.6,241.4,117.4,241.2,127.9,410.6,124.9,366.6,126.0,387.5,122.0,388.6,134.0,315.8,259.7,315.4,270.0,315.3,275.8,317.0,290.9,260.2,272.3,373.3,272.1,283.1,90.9,200.5,80.3,353.4,87.6,436.4,82.3,-13.7,2.2,-5.0,0.954,0.0,0.0,0.0,0.045,0.24
131,221.8,120.2,270.9,124.9,245.4,117.6,245.4,131.7,412.7,126.6,363.6,128.5,389.1,122.2,389.0,136.3,316.6,260.4,316.8,269.6,316.9,278.3,318.2,296.2,261.7,274.9,370.7,274.0,280.1,91.2,204.4,77.9,361.2,88.2,438.0,91.0,-11.9,2.5,-4.5,0.942,0.0,0.0,0.0,0.058,0.24
132,220.5,117.6,269.2,123.3,243.8,115.8,244.7,130.0,416.2,125.6,366.1,128.9,390.7,121.3,390.7,136.4,315.6,261.1,316.9,270.8,317.1,278.7,317.7,295.1,267.5,272.0,374.6,275.7,285.0,86.3,206.2,78.9,352.6,88.9,444.1,75.4,-12.0,2.2,-4.4,0.939,0.0,0.0,0.0,0.06,0.24
133,217.2,118.5,269.3,124.5,241.3,118.3,242.6,130.9,412.2,125.1,364.3,127.8,389.7,124.1,389.7,137.1,313.6,262.2,313.0,270.9,314.0,280.1,313.0,298.7,262.0,275.0,368.8,277.9,282.8,93.7,200.8,74.2,355.6,88.7,440.3,82.2,-11.0,2.0,-4.0,0.955,0.0,0.0,0.0,0.044,0.24
134,219.3,121.6,269.5,126.8,242.4,121.6,243.7,133.6,416.5,125.9,364.7,129.2,392.1,125.4,390.9,137.4,314.0,261.2,314.3,268.8,313.7,275.0,315.3,287.8,259.2,271.8,374.1,273.9,283.3,92.8,200.0,87.0,358.0,88.4,446.9,82.1,-13.8,1.6,-4.1,0.928,0.0,0.0,0.0,0.072,0.23
135,219.0,118.5,272.9,123.3,244.2,116.9,246.7,133.0,414.5,123.9,361.7,129.6,387.6,120.7,390.6,135.9,317.5,262.9,318.1,271.2,319.3,274.0,320.7,288.3,261.9,270.4,376.1,272.1,283.8,92.6,200.9,70.6,351.8,90.0,437.8,80.8,-12.6,1.7,-4.8,0.944,0.0,0.0,0.0,0.056,0.24
136,225.2,122.6,273.6,125.4,249.0,118.7,249.1,133.0,411.3,127.8,364.6,128.4,389.2,122.5,387.5,135.4,314.0,260.5,314.5,270.0,314.5,274.2,315.3,290.6,262.2,271.8,375.7,272.7,283.9,92.0,215.1,83.8,351.3,88.4,440.2,87.6,-11.6,2.0,-4.7,0.928,0.0,0.0,0.0,0.071,0.24
137,226.0,121.4,271.5,124.3,247.6,118.0,248.2,133.3,413.0,123.7,363.4,128.6,388.3,121.6,390.1,137.2,316.3,261.4,318.3,269.1,319.1,275.1,320.0,288.5,259.7,270.2,378.4,272.6,283.4,94.4,207.6,83.0,351.5,88.7,439.0,83.2,-12.6,1.0,-4.7,0.929,0.0,0.0,0.0,0.071,0.23
138,222.3,120.9,269.0,125.1,244.5,120.3,244.7,132.7,413.3,125.6,364.3,127.9,389.5,124.4,389.2,136.9,313.5,261.5,314.1,268.9,314.8,274.3,315.2,286.1,261.4,272.3,372.8,273.8,281.7,94.8,208.3,77.0,349.9,90.8,444.5,88.7,-12.4,1.9,-4.4,0.931,0.0,0.0,0.0,0.069,0.24
139,210.0,112.7,271.7,115.7,243.9,100.9,241.1,123.3,435.7,119.5,381.9,119.5,408.6,103.9,409.1,130.5,322.7,266.8,321.8,276.9,318.9,283.9,318.4,299.1,255.5,275.4,384.1,285.3,293.7,82.2,178.9,74.3,371.1,77.7,482.5,83.8,-20.3,3.7,-8.1,0.757,0.181,0.0,0.001,0.059,0.02
140,0,0,0,0,0,0,0,0,0,0,0,0,0,0,0,0,0,0,0,0,0,0,0,0,0,0,0,0,0,0,0,0,0,0,0,0,0,0,0,0,0,0,0,0
141,219.2,114.8,270.9,121.4,246.0,110.3,246.0,128.5,433.0,129.4,381.5,125.0,406.5,118.5,406.3,136.8,322.9,265.9,322.2,275.3,322.8,281.6,323.5,296.8,261.0,275.1,388.8,285.9,291.6,81.5,191.2,70.8,372.8,74.2,477.9,89.9,-22.3,4.1,-3.1,0.894,0.048,0.0,0.0,0.057,0.01
142,218.7,116.9,274.1,118.5,247.4,105.1,248.8,124.6,421.4,123.2,376.5,121.2,397.9,109.1,397.6,129.1,323.1,266.4,320.9,277.7,317.7,280.2,318.3,293.4,262.0,277.8,378.9,280.9,294.9,86.5,192.1,83.4,367.1,80.4,456.2,92.0,-21.1,2.5,-0.9,0.906,0.038,0.0,0.0,0.055,0.03
143,218.8,122.2,276.5,128.6,248.9,120.6,248.0,132.8,427.4,131.7,372.1,132.5,400.0,127.9,399.4,141.3,322.8,266.6,323.3,274.4,322.3,277.9,321.6,293.9,264.5,276.8,380.0,279.5,292.0,96.2,206.9,86.3,370.5,94.0,449.4,90.9,-11.4,5.0,-4.1,0.923,0.003,0.0,0.0,0.074,0.17
144,221.0,123.0,277.4,127.9,247.2,120.4,247.9,135.7,420.3,131.1,370.3,134.2,395.7,127.7,394.4,140.7,319.4,265.9,319.3,277.7,317.2,280.4,315.6,296.2,264.4,278.2,380.1,277.5,289.4,96.2,207.7,87.1,362.9,89.6,450.7,95.0,-11.2,3.9,-4.7,0.907,0.009,0.0,0.0,0.082,0.19
145,224.6,124.1,277.0,129.1,250.9,117.7,250.7,133.7,416.8,133.8,371.9,136.4,394.2,126.8,395.4,142.9,319.2,266.2,318.0,279.5,316.7,291.8,316.1,310.3,257.1,279.8,371.4,288.4,293.0,94.9,201.9,82.4,361.7,93.6,447.8,96.3,-10.8,6.9,-4.1,0.916,0.006,0.0,0.0,0.078,0.19
146,219.9,122.5,275.0,128.3,246.7,120.2,247.3,133.9,420.0,134.6,371.8,134.3,397.3,128.6,396.0,142.3,321.2,266.1,321.5,277.0,321.5,281.0,322.1,297.4,265.0,275.7,380.6,277.1,291.1,92.7,201.9,81.5,356.3,91.1,448.6,95.5,-11.2,4.3,-4.9,0.894,0.009,0.0,0.0,0.096,0.19
147,228.1,125.6,276.0,129.9,249.9,123.8,250.8,134.1,424.1,131.2,372.7,134.1,397.1,128.6,397.2,139.1,319.6,264.4,320.7,273.5,320.3,274.0,320.3,286.9,263.6,272.5,374.9,273.9,290.6,96.7,210.4,87.4,350.7,96.5,457.2,95.1,-11.1,2.9,-2.9,0.936,0.005,0.0,0.0,0.058,0.18
148,229.3,122.2,279.1,126.2,253.5,120.3,254.5,131.3,420.3,130.1,370.3,132.8,395.1,126.5,395.7,138.8,320.1,262.7,319.5,274.3,315.5,277.7,314.4,295.3,261.9,272.6,378.3,275.1,288.8,95.2,210.9,94.1,351.6,94.3,448.7,98.6,-12.4,3.8,-4.3,0.923,0.004,0.0,0.0,0.072,0.19
149,224.4,119.9,278.6,127.8,251.9,119.9,250.8,134.2,425.4,133.3,372.4,132.7,403.0,127.6,399.3,142.9,325.1,266.1,324.1,275.6,323.1,278.1,322.7,291.2,267.5,276.2,380.4,281.2,291.4,94.2,204.6,81.6,359.0,95.3,450.4,88.2,-11.0,4.8,-3.5,0.937,0.003,0.0,0.0,0.059,0.19
150,222.2,122.8,276.1,127.7,248.6,119.4,250.1,135.2,421.3,132.2,368.0,133.0,394.4,125.9,393.8,143.1,319.8,264.2,318.5,273.4,317.5,277.5,317.0,293.8,262.5,277.0,379.0,278.6,290.8,95.1,210.6,88.9,355.9,92.3,443.9,93.0,-11.1,2.7,-5.3,0.94,0.004,0.0,0.0,0.055,0.18
151,223.9,123.9,276.3,127.1,249.9,120.5,250.1,134.2,419.4,132.7,368.9,134.9,393.6,127.4,394.8,141.8,322.2,265.2,322.9,276.1,321.2,280.3,323.5,296.1,257.1,280.5,377.2,280.8,290.3,92.1,205.9,88.7,362.1,90.5,445.8,93.4,-8.3,5.5,-4.1,0.924,0.002,0.0,0.0,0.073,0.19
152,221.4,122.3,276.2,126.8,245.9,121.0,248.0,133.4,424.9,133.3,372.1,135.9,398.5,129.8,398.2,142.4,320.1,265.5,321.8,275.6,324.5,276.7,327.0,291.5,263.9,274.6,381.6,278.9,291.4,94.7,202.5,89.4,364.5,92.9,451.4,96.9,-10.1,4.5,-3.2,0.893,0.003,0.0,0.0,0.104,0.19
153,221.3,120.7,276.9,127.2,247.7,120.6,248.8,135.3,424.1,130.3,371.7,134.0,397.6,126.5,398.9,141.9,323.5,265.1,325.2,275.1,323.4,276.9,323.6,289.3,269.6,276.9,381.8,279.6,290.3,95.3,201.1,75.6,356.7,96.3,450.9,93.6,-10.3,4.7,-4.5,0.919,0.003,0.0,0.0,0.078,0.19
154,224.2,120.5,279.2,128.4,249.0,119.8,250.5,133.2,424.2,129.9,374.1,132.5,398.9,126.3,398.0,141.1,321.4,265.0,321.0,273.6,317.4,274.5,317.2,289.9,262.7,272.2,380.2,275.9,294.6,97.4,205.2,79.0,363.6,95.5,454.6,90.9,-12.5,2.8,-3.5,0.923,0.016,0.0,0.0,0.06,0.18
155,226.0,123.6,275.4,129.1,247.7,122.9,250.4,133.0,423.4,135.1,376.1,134.7,400.2,131.2,399.3,140.3,322.1,263.1,322.5,273.5,319.0,277.1,319.6,290.6,260.9,275.0,385.2,279.0,291.7,94.7,205.0,83.3,361.4,90.4,463.4,95.5,-10.5,4.4,-3.9,0.935,0.002,0.0,0.0,0.062,0.19
156,220.3,123.1,277.3,128.1,247.2,121.7,248.6,134.4,431.0,129.8,373.7,134.4,401.4,127.6,402.6,140.1,323.7,264.8,324.4,271.3,325.0,278.6,325.2,291.8,260.3,274.0,379.5,278.2,293.8,98.4,199.5,84.6,368.3,94.8,456.0,92.1,-9.5,5.6,-4.5,0.895,0.004,0.0,0.0,0.1,0.19
157,223.5,119.5,275.2,124.8,249.4,116.8,249.2,130.9,415.7,128.8,364.9,131.6,390.3,123.1,390.8,140.3,322.2,260.9,319.6,270.1,316.2,273.7,315.4,285.4,263.1,271.3,375.0,277.9,288.6,89.4,200.0,87.7,361.0,84.2,441.0,94.2,-10.3,4.2,-5.8,0.901,0.004,0.0,0.0,0.093,0.19
158,224.9,119.7,278.3,124.0,250.7,118.1,250.7,131.2,420.2,129.3,367.8,131.5,393.8,127.1,393.9,140.2,320.9,264.3,321.5,274.5,321.7,280.5,321.9,295.4,267.4,273.2,383.0,279.2,295.0,93.2,205.3,86.8,360.2,90.3,445.2,93.6,-11.9,4.4,-4.5,0.882,0.003,0.0,0.0,0.114,0.19
159,220.5,118.4,278.8,126.8,249.1,119.0,248.8,131.3,434.6,128.5,373.6,131.1,406.2,126.3,405.2,136.8,324.6,262.0,324.6,273.0,320.6,276.1,316.6,291.5,261.3,273.2,381.7,274.8,297.6,95.4,206.0,79.2,364.3,89.7,456.9,90.7,-11.8,4.2,-3.4,0.899,0.001,0.0,0.0,0.099,0.19
160,219.5,118.9,275.2,126.3,246.3,119.5,246.0,134.8,418.4,129.5,370.2,131.2,393.7,124.3,393.7,140.1,320.5,263.1,320.0,273.4,317.7,278.3,316.9,292.6,264.2,275.8,377.6,276.5,295.7,92.2,202.9,77.2,352.0,90.9,446.0,94.0,-11.7,3.3,-4.8,0.884,0.004,0.0,0.0,0.11,0.19
161,226.4,119.8,275.6,126.0,250.0,118.6,250.7,130.1,417.6,130.5,369.6,130.3,394.0,127.1,393.9,137.0,321.1,263.4,321.5,275.2,317.8,276.4,319.5,291.6,264.6,276.1,381.3,279.0,293.2,93.1,201.9,90.7,351.7,92.4,447.1,95.5,-11.4,5.6,-4.1,0.904,0.008,0.0,0.0,0.086,0.19
162,228.7,120.7,278.0,126.7,253.5,117.9,253.3,131.5,419.3,130.9,370.5,132.1,394.6,124.3,393.9,139.1,320.4,265.1,320.6,271.3,320.5,278.3,320.6,291.3,259.6,277.9,382.0,279.0,294.3,99.1,207.6,80.9,360.1,93.5,450.8,90.5,-10.6,4.5,-3.9,0.899,0.003,0.0,0.0,0.098,0.19
163,230.0,120.0,280.3,125.8,252.1,117.2,254.2,131.3,418.7,131.3,369.4,130.7,393.6,124.1,393.2,138.9,318.9,257.8,319.0,270.4,317.2,273.8,317.6,286.7,265.5,272.6,374.6,275.6,294.4,92.3,209.3,83.5,364.3,90.5,446.9,90.1,-12.2,3.1,-3.4,0.927,0.008,0.0,0.0,0.064,0.19
164,229.0,120.1,280.7,126.4,255.8,118.5,254.6,132.8,417.5,128.5,370.5,130.4,395.6,124.5,394.3,138.8,321.9,263.4,321.6,275.2,318.9,277.5,318.1,294.0,264.9,276.3,378.6,277.3,292.5,95.8,207.9,90.3,358.9,91.8,449.8,93.8,-10.5,4.0,-2.8,0.914,0.004,0.0,0.0,0.081,0.2
165,225.0,116.8,275.8,123.5,249.8,113.9,250.0,128.8,417.1,126.6,369.4,126.6,393.8,119.7,392.4,135.7,319.7,257.7,321.1,268.5,319.6,275.8,319.5,289.3,256.9,270.9,380.4,275.7,291.5,90.9,197.9,79.3,353.2,87.1,444.9,91.6,-8.8,5.1,-4.7,0.89,0.002,0.0,0.0,0.106,0.19
166,226.9,116.3,275.8,121.1,251.1,111.9,250.8,129.1,413.3,127.2,366.6,125.8,392.2,119.7,389.9,137.0,321.6,258.7,320.6,269.6,319.6,277.1,320.2,290.0,258.9,271.6,376.9,272.5,292.9,89.3,202.9,86.6,351.6,88.7,441.1,86.2,-9.9,4.1,-5.0,0.925,0.006,0.0,0.0,0.067,0.19
167,221.5,116.5,277.3,122.9,248.3,115.2,248.6,130.2,421.4,127.8,370.2,128.1,398.3,122.7,395.9,138.2,322.6,258.6,322.7,267.8,317.1,270.3,316.4,286.1,263.2,272.0,379.7,274.8,296.1,91.1,202.0,82.7,350.0,90.3,448.6,88.2,-12.0,2.6,-4.9,0.906,0.007,0.0,0.0,0.086,0.19
168,221.9,117.7,273.1,124.6,247.1,116.2,246.6,127.8,416.0,129.6,367.2,128.3,393.3,124.4,391.7,135.9,319.8,262.5,318.3,271.7,315.7,287.5,314.6,299.8,257.2,275.2,380.4,277.4,290.0,89.9,201.6,80.7,360.9,88.6,442.2,90.4,-9.1,3.7,-4.7,0.917,0.008,0.0,0.0,0.074,0.2
