001,200.4,118.9,255.1,124.2,225.9,113.1,225.8,126.1,411.1,133.0,365.2,133.5,388.9,124.2,388.9,135.4,313.8,251.2,312.9,262.9,309.7,313.0,309.0,331.8,235.8,274.9,370.0,287.9,275.8,96.8,159.4,82.0,339.2,92.9,451.6,92.9,-5.1,1.7,0.5,0.001,0.328,0.63,0.038,0.002
002,205.7,118.3,257.1,122.7,229.9,113.6,229.3,125.3,420.2,132.7,368.9,130.4,397.6,124.3,394.8,136.4,309.1,249.7,308.1,262.7,302.1,309.7,301.0,327.7,238.3,278.5,368.5,287.8,280.0,98.9,160.1,91.7,346.5,100.7,458.0,103.6,-4.9,4.1,2.4,0.0,0.332,0.617,0.046,0.004
003,205.3,120.6,252.8,124.5,229.0,117.7,228.0,126.3,412.4,132.9,368.3,129.6,390.8,126.9,389.2,136.1,303.6,256.5,303.7,268.5,301.4,306.7,301.8,325.9,236.1,282.1,367.9,290.1,269.4,99.6,166.3,91.4,340.7,93.8,451.6,96.6,-5.7,2.6,1.8,0.0,0.285,0.664,0.047,0.003
004,210.7,120.5,255.3,127.1,233.0,117.7,230.9,128.3,418.4,136.6,366.0,134.0,393.1,128.5,392.7,141.3,308.7,254.4,307.9,265.5,304.4,311.6,303.0,330.6,234.4,280.2,367.5,293.9,271.4,97.7,162.2,88.0,347.4,99.2,455.4,98.7,-5.2,2.4,3.5,0.0,0.297,0.668,0.034,0.001
005,207.4,120.4,262.9,121.5,236.5,117.8,235.3,127.2,409.4,129.6,364.8,128.6,388.1,124.9,388.8,134.0,312.1,249.2,312.5,260.5,309.8,309.9,310.0,330.9,240.1,280.3,380.4,287.0,287.4,87.9,176.0,81.1,350.0,89.8,449.4,92.7,-6.9,4.0,2.1,0.001,0.029,0.963,0.002,0.0
006,213.0,123.9,259.4,128.7,235.9,119.8,234.0,129.7,412.9,134.7,365.8,134.1,390.0,126.9,388.4,136.9,309.7,254.2,307.9,268.2,301.1,309.8,299.4,331.8,235.6,282.2,371.3,289.4,282.4,102.8,167.2,89.2,344.3,104.3,453.3,101.0,-7.8,2.1,1.9,0.003,0.179,0.788,0.025,0.001
007,203.8,112.1,250.5,114.4,226.7,107.9,227.3,116.2,403.7,117.6,358.2,117.0,381.2,110.7,380.9,120.3,301.0,237.7,301.3,249.5,298.6,295.7,298.5,309.9,228.2,266.7,369.6,272.5,268.5,93.3,155.0,86.4,332.1,92.5,436.7,89.9,-4.2,3.0,1.5,0.005,0.583,0.321,0.024,0.059
008,198.3,95.2,249.3,94.6,224.0,86.8,224.9,99.7,400.3,97.9,352.7,96.8,378.9,90.2,378.9,102.0,306.6,211.3,307.0,223.9,307.0,281.5,308.0,301.0,239.5,260.0,356.8,258.4,271.0,57.0,163.5,59.0,330.7,57.3,435.6,63.1,5.5,1.5,1.3,0.015,0.802,0.008,0.004,0.001
009,206.1,96.9,256.5,96.3,231.7,89.5,232.2,99.4,411.3,103.4,361.4,99.3,388.8,94.8,386.8,105.6,303.6,210.8,303.9,223.9,303.6,261.2,306.0,277.3,244.3,242.9,372.2,249.1,276.6,69.1,176.5,57.8,344.0,66.0,453.0,73.3,6.5,2.5,2.3,0.001,0.917,0.015,0.014,0.045
010,206.0,97.7,253.9,100.9,231.5,90.4,229.9,104.1,400.6,105.8,354.6,104.0,378.6,97.1,378.4,109.9,300.0,219.3,300.5,229.5,297.5,289.5,296.1,308.5,237.3,259.4,361.5,264.6,276.3,75.5,173.4,56.9,332.3,77.2,437.9,78.6,2.0,3.7,0.3,0.002,0.93,0.017,0.011,0.018
011,206.9,101.8,255.5,103.8,230.9,93.2,229.7,106.5,403.7,109.0,356.5,108.5,381.7,100.2,381.2,113.2,301.1,223.6,300.8,236.7,298.4,278.8,295.6,296.9,240.6,256.5,360.8,262.2,283.2,72.2,175.5,70.2,324.0,74.4,437.0,79.7,3.3,2.5,1.5,0.008,0.762,0.044,0.022,0.013
012,213.4,102.0,263.8,105.6,238.8,94.5,238.4,108.4,409.9,112.4,363.0,109.7,388.5,103.5,388.7,116.1,309.9,226.3,309.6,239.0,306.4,297.1,303.6,319.0,242.8,262.7,369.3,273.9,280.9,73.7,174.6,64.9,331.2,73.8,449.7,80.6,0.1,2.7,2.4,0.007,0.807,0.069,0.007,0.007
013,204.9,104.6,256.4,108.2,230.1,98.1,229.7,111.2,413.9,114.7,366.3,113.7,391.2,106.1,391.4,119.1,308.4,233.9,308.4,246.7,309.2,294.6,308.6,312.7,244.3,264.9,372.9,275.9,282.7,82.7,176.9,69.6,335.4,82.7,451.4,83.1,0.5,3.3,3.3,0.003,0.894,0.028,0.005,0.002
014,209.1,105.9,255.5,110.5,231.6,100.3,230.7,113.8,411.2,121.6,364.7,117.9,388.9,111.0,390.1,124.2,302.7,233.8,299.8,248.1,292.0,308.6,291.5,330.8,235.9,268.9,359.7,285.8,284.5,86.9,173.1,73.0,339.7,86.0,451.7,91.5,-1.8,4.6,2.3,0.002,0.938,0.006,0.003,0.001
015,201.8,112.1,248.1,117.2,223.8,106.3,223.1,118.3,400.1,121.6,354.8,121.6,378.4,114.6,378.6,125.8,293.2,242.5,291.1,256.0,289.1,305.7,288.7,326.1,231.7,274.9,354.5,284.0,275.9,92.5,158.9,77.0,326.3,88.8,438.8,92.7,-0.8,2.2,0.4,0.004,0.909,0.005,0.01,0.002
016,201.2,117.3,253.7,119.0,228.2,117.1,227.1,122.1,393.7,127.3,351.3,122.8,375.5,123.5,373.9,130.2,296.3,239.9,293.7,254.0,290.2,312.0,290.6,335.4,233.8,275.2,359.2,282.4,273.3,90.4,173.3,80.3,318.8,87.9,428.4,92.3,-3.6,4.4,-0.8,0.023,0.647,0.013,0.055,0.226
017,204.6,111.6,252.8,116.9,228.9,106.4,226.5,118.7,403.8,122.6,355.8,121.6,380.2,113.2,379.1,126.7,296.6,240.2,296.8,254.0,294.4,313.1,292.7,336.3,240.8,276.0,360.3,286.5,275.0,86.5,173.0,72.6,333.3,88.7,432.0,87.6,-3.1,2.2,-2.3,0.024,0.864,0.008,0.009,0.003
018,197.4,112.7,249.0,115.5,224.3,105.7,222.7,118.9,409.7,123.1,357.7,122.7,384.2,113.1,384.3,129.9,302.0,245.2,304.3,257.7,299.5,311.5,300.8,326.1,240.6,276.4,368.8,283.7,279.2,89.6,168.7,70.5,322.5,89.0,443.1,94.6,-0.8,3.2,-2.7,0.018,0.854,0.024,0.005,0.002
019,198.8,113.8,252.3,116.2,224.7,105.3,224.7,120.2,406.0,123.5,356.7,121.8,381.6,114.2,381.6,129.6,305.9,243.4,305.5,255.9,302.5,307.3,303.1,325.2,248.7,282.5,367.6,286.8,276.1,85.2,165.7,71.9,332.3,87.8,438.9,87.3,-1.7,2.5,-0.3,0.029,0.705,0.107,0.004,0.003
020,207.9,118.5,261.7,118.8,235.8,117.4,234.1,125.2,408.6,126.8,358.5,123.0,384.2,122.5,384.3,132.2,307.2,239.5,305.8,252.6,300.7,307.9,301.5,327.4,243.4,277.4,372.8,283.1,282.4,85.1,181.9,69.7,323.4,86.9,436.3,86.4,-2.8,3.5,-2.2,0.087,0.184,0.443,0.021,0.23
021,205.0,113.7,254.3,116.4,231.5,108.4,229.1,119.9,403.7,123.9,359.6,122.5,383.8,117.3,382.1,127.5,301.1,241.3,298.9,254.3,293.3,311.5,292.2,334.6,234.4,277.7,367.3,287.6,275.8,88.1,167.2,75.0,323.8,87.6,441.1,88.4,-3.4,2.6,-2.3,0.062,0.737,0.123,0.014,0.023
022,197.1,116.3,251.2,117.8,224.5,109.9,224.1,120.7,405.2,122.9,357.9,120.6,382.2,115.6,382.5,126.4,303.8,241.2,303.8,252.4,300.3,310.3,299.9,329.9,237.1,277.1,371.8,283.5,279.8,93.2,164.2,82.6,323.3,92.1,443.1,91.9,-2.0,2.6,-2.4,0.021,0.863,0.025,0.018,0.034
023,199.5,117.0,249.9,115.3,223.7,112.4,226.0,119.7,403.5,121.2,350.9,118.8,376.8,115.6,377.7,124.9,297.1,233.7,297.7,247.0,294.3,318.7,295.3,338.6,240.3,279.1,359.0,279.2,260.3,68.0,158.3,77.6,336.9,75.2,444.2,88.3,-1.1,2.3,-1.1,0.008,0.876,0.018,0.03,0.038
024,207.3,113.3,251.1,115.5,227.0,108.0,227.8,118.2,403.1,119.2,359.1,119.1,381.2,111.4,381.7,121.9,299.3,237.7,299.8,249.8,295.8,302.3,295.8,322.1,241.9,271.6,365.8,281.9,277.4,93.8,165.5,72.7,326.9,88.6,440.6,86.0,-0.8,3.2,-2.1,0.004,0.95,0.004,0.011,0.011
025,204.2,113.4,253.5,116.2,229.9,106.6,228.5,118.6,405.4,122.3,357.1,120.8,381.4,114.2,383.0,126.5,304.9,236.6,304.9,249.4,300.8,316.8,301.0,340.5,243.3,274.1,369.1,287.6,273.2,88.2,168.0,76.9,333.6,89.5,439.6,92.4,-2.3,3.9,-4.6,0.002,0.945,0.005,0.008,0.004
026,210.2,111.8,262.3,112.1,235.6,105.2,234.8,116.5,415.7,123.1,365.3,119.5,391.5,113.7,390.3,125.5,307.9,234.0,306.9,247.6,304.3,307.4,303.5,329.4,241.2,271.8,371.9,281.7,289.9,91.3,176.7,72.6,337.8,89.3,445.7,88.8,-1.4,4.8,-1.6,0.007,0.919,0.009,0.013,0.021
027,208.2,109.5,257.6,113.1,232.0,104.1,232.5,117.1,411.9,120.8,362.7,119.1,388.3,112.5,388.2,126.1,305.8,237.6,304.1,249.5,300.5,315.0,299.3,332.0,240.5,276.3,374.0,286.3,282.4,91.2,166.2,77.4,337.5,88.8,448.4,88.6,-1.0,4.2,-3.0,0.005,0.94,0.01,0.011,0.016
028,209.7,110.3,258.6,112.2,235.2,105.6,235.3,113.4,408.2,120.3,364.2,118.6,386.1,115.3,387.2,123.0,303.8,237.0,305.4,247.5,302.6,299.8,302.2,317.9,243.0,272.9,368.0,280.1,284.1,92.4,175.7,71.5,336.6,89.4,446.5,88.8,-1.0,4.4,-2.8,0.008,0.894,0.015,0.02,0.018
029,210.4,111.3,260.1,114.9,235.6,104.5,233.8,117.5,408.6,121.3,359.3,119.7,384.7,111.5,384.9,124.4,303.8,234.5,304.6,246.9,301.3,306.4,300.0,323.8,244.5,270.8,370.8,281.6,279.0,88.6,179.1,71.2,329.0,88.9,455.1,91.5,-1.2,3.5,-2.1,0.005,0.856,0.009,0.033,0.014
030,210.2,111.1,259.8,114.6,234.4,103.6,234.5,117.7,411.4,122.3,362.8,119.6,390.0,111.9,388.7,126.1,302.3,235.4,301.5,247.7,294.6,316.3,294.3,335.0,240.1,274.2,366.5,283.5,285.1,87.7,173.4,68.7,332.2,87.9,457.3,89.4,-0.5,3.0,-0.4,0.009,0.82,0.012,0.03,0.012
031,213.1,109.7,259.7,114.1,236.4,105.3,235.6,114.3,415.5,120.3,363.4,116.9,390.0,112.5,390.1,122.4,298.2,229.9,299.3,245.3,295.1,308.6,293.9,330.5,241.9,271.0,369.7,280.2,284.8,87.8,176.9,66.9,331.4,88.8,458.4,89.5,-1.6,3.9,-2.0,0.012,0.857,0.017,0.019,0.035
032,203.7,112.2,257.8,113.1,228.4,105.6,230.5,116.7,413.5,118.9,364.1,116.1,389.5,111.7,389.9,121.6,302.8,235.6,304.4,250.6,302.0,301.9,304.5,321.2,242.3,271.0,371.0,280.6,273.4,88.1,164.6,82.7,341.1,86.9,456.5,92.3,-1.8,4.4,-1.1,0.005,0.918,0.013,0.018,0.02
033,207.8,105.4,260.2,108.9,234.0,96.9,233.7,112.0,413.0,114.8,363.1,114.8,391.5,105.7,390.3,119.4,298.8,228.9,298.3,241.9,292.6,284.8,291.0,302.6,243.5,269.9,356.1,275.9,282.6,80.9,174.5,71.9,331.1,81.1,449.5,83.1,0.7,3.4,-1.9,0.001,0.943,0.007,0.003,0.001
034,221.3,103.5,270.9,109.8,247.6,97.1,245.0,111.8,421.2,123.7,373.8,120.0,400.2,113.2,399.4,128.4,310.8,232.4,311.7,245.6,305.5,301.6,304.2,319.3,252.5,268.9,368.4,281.2,298.7,83.8,194.6,63.9,352.6,84.2,464.2,94.1,2.8,6.3,1.1,0.0,0.971,0.001,0.006,0.001
035,216.9,105.1,263.9,108.1,241.1,96.9,240.8,110.9,416.0,119.0,368.1,114.1,394.7,107.8,392.0,122.8,312.0,230.6,311.4,243.1,308.3,287.2,306.8,309.5,250.3,267.0,361.5,275.4,282.2,83.6,178.9,68.5,337.1,84.1,450.2,81.8,3.5,3.0,0.6,0.001,0.924,0.001,0.019,0.004
036,206.2,111.9,254.2,114.7,230.1,105.5,229.7,117.9,409.8,125.0,361.3,119.2,388.4,113.8,386.0,126.6,303.8,238.4,302.3,250.8,295.8,316.8,293.4,337.3,242.6,278.1,360.1,291.4,285.9,89.8,167.4,73.3,331.9,87.7,451.9,99.2,-0.7,4.1,-0.9,0.002,0.95,0.001,0.009,0.003
037,214.6,111.4,260.9,114.0,237.8,104.9,237.3,116.7,413.4,125.6,363.6,120.2,389.1,115.5,388.3,127.4,300.8,235.4,301.8,247.0,296.8,306.6,295.9,323.3,237.2,274.8,365.2,288.5,285.0,89.8,175.3,75.5,329.9,87.4,450.9,97.7,-1.1,4.7,-0.5,0.002,0.959,0.001,0.006,0.005
038,207.6,112.3,258.3,117.1,233.9,103.5,232.9,118.1,408.9,123.2,361.7,122.2,388.3,112.7,387.9,127.1,304.2,238.3,302.0,250.8,290.7,313.8,287.8,335.6,237.9,275.0,361.8,290.0,285.4,96.5,163.1,81.9,329.7,92.6,449.7,98.1,-0.8,4.9,-1.2,0.001,0.953,0.001,0.004,0.001
039,204.0,120.6,253.4,122.0,230.4,118.4,229.7,126.8,399.0,131.8,351.3,127.4,375.6,127.5,375.1,135.3,297.4,241.7,297.6,253.4,297.8,318.3,298.2,336.6,236.7,287.9,360.3,291.0,280.6,87.0,174.2,77.8,322.1,88.9,430.7,96.9,-0.7,5.3,-4.2,0.009,0.749,0.007,0.027,0.186
040,204.2,116.5,255.0,118.7,229.9,108.1,228.5,122.6,407.9,125.1,360.9,122.6,385.9,117.0,384.8,129.5,296.5,239.8,298.8,255.3,294.8,319.4,295.0,341.4,237.3,285.7,359.5,291.1,280.2,92.9,164.8,80.0,335.0,91.5,450.9,93.1,-1.0,3.5,-1.7,0.003,0.962,0.002,0.005,0.007
041,202.2,112.3,253.6,115.9,228.5,106.0,228.8,119.1,408.3,122.6,359.0,121.5,386.6,115.1,386.5,127.8,304.8,240.5,302.3,252.4,293.8,309.5,293.9,331.0,235.5,279.7,353.1,290.9,278.7,85.9,169.6,71.2,338.2,84.5,441.5,85.8,-0.9,4.0,-1.5,0.003,0.961,0.002,0.005,0.006
042,206.5,114.2,255.5,116.7,231.0,107.0,229.1,118.3,402.1,123.1,355.8,122.0,378.8,115.6,378.3,128.0,295.9,236.7,295.7,249.8,291.1,312.9,292.1,333.6,239.2,281.1,352.9,287.0,276.0,88.4,177.8,77.3,335.7,87.1,435.5,93.9,0.9,2.9,-1.6,0.005,0.937,0.005,0.011,0.01
043,196.8,114.2,253.0,115.6,225.3,107.0,224.5,119.7,412.2,124.8,357.6,119.2,385.4,113.6,385.0,126.9,298.1,235.8,298.2,249.6,297.3,293.8,297.1,314.0,233.9,277.7,357.3,287.0,277.6,87.3,161.0,75.3,326.8,86.3,444.6,89.9,-1.2,3.6,-1.5,0.006,0.932,0.006,0.007,0.017
044,202.7,115.3,250.7,116.7,226.0,109.8,226.6,120.4,408.0,125.3,360.3,123.5,383.1,117.9,385.2,127.9,300.0,239.7,300.7,249.7,297.7,308.0,298.4,320.6,234.5,275.9,362.3,287.3,265.6,90.8,166.5,78.4,333.2,91.9,447.1,92.3,-1.4,4.6,-1.8,0.003,0.946,0.009,0.012,0.018
045,175.8,137.8,223.6,133.3,198.7,130.2,199.8,140.8,379.8,136.3,332.7,133.9,355.4,129.6,355.3,139.5,273.5,255.5,274.0,271.5,275.8,342.4,275.6,365.7,219.6,310.2,342.5,306.7,237.2,79.8,146.7,89.3,314.4,86.9,414.7,98.6,-4.3,2.8,-7.1,0.0,0.997,0.0,0.002,0.001
046,169.1,143.3,225.5,140.1,196.0,139.1,196.5,145.5,380.8,137.2,328.1,138.4,353.3,137.5,355.1,141.8,273.2,259.6,274.9,274.6,278.6,326.3,280.0,348.9,213.1,293.8,355.1,290.8,232.1,88.6,136.1,103.3,308.0,92.9,417.3,94.0,-4.4,-1.1,-5.2,0.0,0.679,0.203,0.016,0.1
047,165.5,119.9,209.5,116.0,186.5,108.2,187.4,123.7,334.4,115.8,287.8,112.8,314.0,105.6,312.3,118.8,257.2,238.3,255.6,251.6,251.2,286.7,253.0,307.0,190.2,266.2,320.1,257.6,213.3,73.7,128.0,79.0,277.3,68.5,368.3,81.2,2.5,-3.6,-8.7,0.0,0.656,0.246,0.019,0.078
048,115.0,162.8,161.0,151.5,136.6,153.6,139.5,161.9,278.4,138.3,231.8,141.3,255.7,135.3,254.8,141.9,208.1,257.9,210.0,273.3,221.2,321.5,222.1,342.3,159.6,303.3,276.6,279.0,156.1,100.8,86.9,131.1,217.7,92.4,298.1,97.5,-5.0,-8.5,-13.2,0.0,0.917,0.019,0.009,0.052
049,95.5,188.7,135.4,183.4,114.6,181.2,117.8,188.8,265.3,173.6,225.4,175.7,245.2,172.5,246.8,178.1,192.2,309.5,193.5,321.7,200.5,365.8,201.7,384.5,136.5,332.6,256.6,322.5,139.9,143.9,61.1,148.1,211.5,147.3,298.9,135.7,-12.0,-5.9,-21.7,0.0,0.991,0.002,0.005,0.002
050,105.3,203.7,142.7,197.0,124.4,199.5,127.0,206.1,274.3,183.9,228.8,187.3,252.9,185.0,252.8,192.0,202.4,319.0,204.4,331.6,212.8,372.4,216.9,391.5,162.8,345.4,270.7,337.9,142.1,157.1,68.2,162.5,214.6,149.6,301.9,148.1,-11.7,-9.7,-17.6,0.0,0.883,0.0,0.11,0.007
051,111.8,179.2,154.3,171.9,132.9,170.6,134.6,181.8,289.7,154.0,244.3,160.2,266.2,152.7,266.8,163.2,209.1,294.1,210.4,305.7,216.3,345.3,219.1,361.4,166.9,325.9,275.6,314.1,167.9,143.1,84.3,148.0,217.4,138.3,313.8,115.1,-4.4,-5.8,-9.8,0.0,0.978,0.014,0.004,0.002
052,118.3,175.1,163.3,169.3,141.7,169.0,142.6,177.7,313.2,153.6,267.8,156.3,291.1,151.4,291.5,161.0,221.1,292.8,223.1,308.1,231.4,364.4,233.0,386.5,177.9,337.1,297.9,327.0,163.7,119.9,82.2,124.8,237.7,110.2,349.8,109.2,-7.8,-4.4,-13.8,0.0,0.998,0.0,0.001,0.001
053,280.3,152.2,323.0,161.1,303.9,153.5,300.0,163.9,460.1,173.8,423.9,171.9,443.0,167.1,442.5,178.3,373.3,288.3,370.5,305.6,363.6,363.6,360.9,388.3,300.4,328.6,411.8,343.3,353.8,114.4,252.9,108.8,417.5,123.1,496.1,132.5,-7.0,4.6,19.5,0.03,0.875,0.004,0.088,0.002
054,293.9,136.1,332.4,148.9,313.8,139.0,310.7,147.5,480.4,196.4,433.4,179.1,459.1,182.6,455.1,192.1,353.6,287.9,350.2,300.8,329.3,362.2,322.5,387.9,279.1,316.2,392.6,349.9,355.5,110.7,264.5,84.1,435.5,131.0,520.7,166.7,0.0,18.4,10.7,0.001,0.98,0.002,0.015,0.001
055,264.5,104.9,309.2,118.6,288.2,104.6,286.0,114.9,430.7,148.0,387.2,139.7,409.8,137.6,408.6,146.7,317.4,240.9,311.6,257.2,300.4,291.1,294.4,308.7,253.7,248.3,363.8,280.1,324.0,82.8,245.2,61.9,387.6,100.1,472.8,125.1,2.4,18.8,-9.9,0.0,0.794,0.044,0.044,0.117
056,271.1,156.9,313.9,168.0,293.7,154.1,290.7,169.8,433.9,208.9,393.2,198.0,414.1,195.3,412.3,209.9,310.8,309.5,306.9,321.8,290.8,376.7,286.9,396.2,250.8,330.4,361.0,361.2,334.5,121.7,262.8,99.0,395.5,154.7,478.0,185.1,-6.0,23.0,-16.6,0.0,0.99,0.002,0.001,0.006
057,264.0,177.2,297.4,190.7,283.6,179.4,279.6,187.9,441.2,233.2,395.3,221.7,421.7,223.7,418.0,233.1,312.3,335.3,307.0,347.1,297.2,385.1,289.5,405.8,256.3,333.2,383.3,375.8,314.7,164.6,238.8,127.8,375.5,178.3,480.9,200.7,-8.8,18.6,-10.3,0.0,0.972,0.021,0.002,0.005
058,229.7,150.1,280.3,158.2,256.6,150.7,254.7,158.3,431.8,171.4,382.4,167.4,406.4,167.4,405.5,174.1,321.7,288.7,319.6,300.2,312.3,354.0,310.5,373.5,256.1,316.7,382.6,328.3,297.6,122.5,195.1,109.2,363.9,134.1,467.0,131.2,-9.9,7.5,-1.3,0.0,0.979,0.012,0.007,0.002
059,210.9,127.0,256.9,127.8,233.2,123.9,234.9,128.2,404.2,131.9,362.1,131.3,381.6,128.1,382.6,133.0,306.3,247.7,307.0,258.7,308.2,311.0,308.0,329.6,243.0,282.5,372.4,286.2,278.5,104.8,176.4,99.3,342.8,103.4,446.9,101.3,1.7,3.5,-2.8,0.001,0.868,0.064,0.021,0.043
060,117.4,99.7,166.9,100.4,140.1,92.8,140.6,105.7,304.9,88.7,255.7,95.5,281.5,85.2,282.7,94.1,222.2,196.8,223.9,212.8,230.4,258.3,231.8,280.3,161.3,236.9,285.3,223.4,185.5,54.6,95.4,58.3,237.5,59.5,328.3,52.3,15.1,-5.4,-20.9,0.005,0.36,0.088,0.112,0.429
061,138.8,122.1,177.1,115.7,155.2,112.3,158.8,121.7,300.0,95.0,258.5,102.8,279.6,92.9,280.5,101.2,224.2,207.7,225.3,223.1,226.2,250.5,227.6,269.4,173.6,245.1,283.2,230.4,189.9,86.3,110.8,93.4,244.0,74.1,323.6,61.9,13.4,-6.0,-25.3,0.007,0.4,0.19,0.056,0.337
062,139.0,125.7,177.9,117.8,156.9,114.7,159.1,125.8,311.8,96.8,268.5,102.3,289.7,92.5,290.2,101.5,227.8,211.2,229.9,226.0,231.4,254.2,233.9,276.3,177.8,254.1,290.9,238.3,190.4,86.9,102.2,92.3,246.7,77.3,339.3,57.7,11.1,-4.4,-20.9,0.014,0.266,0.463,0.109,0.14
063,135.6,130.1,185.3,121.0,155.6,120.2,160.6,128.0,338.2,100.7,284.8,106.9,312.8,99.4,310.9,105.2,242.8,218.2,247.2,233.1,255.6,287.3,259.7,306.8,188.2,271.9,322.5,250.1,199.8,91.0,97.8,98.2,245.9,83.5,365.1,68.3,3.0,-5.5,-4.1,0.001,0.8,0.056,0.011,0.13
064,144.0,131.7,194.0,126.3,170.4,124.0,170.2,131.9,348.6,115.1,296.7,117.5,322.7,109.3,323.3,119.5,264.7,232.8,266.7,245.6,270.0,287.9,272.8,304.6,198.2,275.9,331.8,266.8,207.7,97.9,102.2,105.5,276.2,84.9,375.1,73.5,7.2,-4.0,2.1,0.001,0.891,0.038,0.017,0.049
065,181.0,148.7,232.6,146.7,206.3,142.6,205.6,152.8,381.9,140.3,332.2,142.4,356.3,135.2,357.2,145.3,292.1,261.9,293.2,275.8,298.8,321.6,298.4,340.3,226.7,298.6,357.8,298.3,243.7,123.6,148.7,121.3,309.1,119.3,407.3,102.8,4.6,-0.2,8.4,0.001,0.89,0.068,0.023,0.016
066,145.3,148.4,198.8,143.3,171.0,139.4,173.7,149.3,358.2,134.2,309.9,137.5,333.0,130.1,334.9,138.9,267.8,260.5,268.5,272.6,272.8,335.3,274.4,355.5,204.8,301.9,334.5,297.3,214.7,116.1,112.5,113.2,281.4,114.2,382.0,97.6,-3.7,-0.5,-2.8,0.002,0.853,0.07,0.025,0.046
067,173.6,170.8,227.5,170.7,201.4,165.8,202.0,178.8,376.8,165.6,326.5,168.7,349.9,163.0,351.5,173.6,270.0,300.7,268.6,314.6,269.4,380.5,269.4,400.6,216.1,340.5,338.9,341.1,232.4,132.1,144.8,140.2,302.0,125.5,412.7,127.5,-10.0,-0.9,-2.4,0.0,0.985,0.001,0.008,0.0
068,159.6,167.4,211.6,171.4,184.8,164.3,186.6,176.5,364.0,177.4,317.2,177.9,341.6,172.8,341.8,184.4,253.2,306.8,252.2,319.6,251.7,358.8,251.0,374.1,201.7,333.7,316.0,343.1,231.3,150.4,128.9,124.4,292.8,151.1,403.1,134.5,-7.4,3.6,-10.1,0.0,0.978,0.006,0.009,0.004
069,170.2,163.2,215.4,171.7,195.3,161.4,192.8,173.1,349.3,197.2,299.9,189.3,327.3,188.3,325.1,198.2,235.7,309.1,232.7,324.0,224.2,379.6,220.4,400.8,177.6,327.6,301.4,354.8,228.4,134.0,150.7,116.0,288.9,144.1,380.9,158.5,-3.6,11.3,-16.1,0.0,0.982,0.014,0.001,0.003
070,178.4,129.9,224.1,133.4,202.1,125.2,199.6,135.5,375.1,141.4,321.7,142.0,349.2,133.8,348.8,146.5,255.8,265.4,253.8,278.6,250.0,312.0,249.5,330.1,201.5,295.7,317.8,306.9,242.1,111.2,156.3,93.4,298.9,110.5,401.1,106.1,0.2,5.5,-10.6,0.0,0.989,0.002,0.003,0.001
071,165.7,153.8,217.4,154.2,191.7,145.2,190.3,159.1,373.1,149.3,324.8,152.1,349.3,143.5,350.2,156.0,270.3,283.9,270.3,297.6,271.3,343.2,272.2,362.6,217.7,327.8,331.1,328.7,239.3,123.1,151.8,116.0,283.7,123.1,401.2,116.9,-4.1,1.9,-2.9,0.001,0.882,0.004,0.036,0.005
072,148.3,163.6,202.8,159.0,174.2,156.1,175.9,166.1,360.5,152.8,310.8,155.8,336.7,147.8,336.7,157.6,269.6,288.6,270.5,299.4,269.9,348.4,271.6,362.1,203.7,323.4,335.4,322.9,216.9,136.5,112.3,132.5,286.6,130.3,387.2,112.4,-5.0,0.2,-2.8,0.001,0.896,0.054,0.022,0.016
073,126.1,168.0,178.0,163.8,151.1,159.0,152.9,171.5,332.7,142.0,284.0,148.3,307.0,138.8,308.9,150.0,241.7,286.4,243.5,299.2,253.0,346.4,254.5,362.2,191.4,332.9,318.5,317.2,189.4,132.0,91.5,129.9,245.8,124.5,351.5,102.7,-0.2,-5.6,-4.4,0.001,0.936,0.015,0.014,0.004
074,135.2,165.2,184.3,159.7,157.2,156.4,159.6,167.3,341.2,145.7,289.4,153.8,314.7,142.3,316.3,153.3,248.9,282.9,250.7,297.2,255.4,347.5,255.7,364.6,195.6,322.1,319.5,314.8,202.3,134.8,89.1,137.8,254.8,127.9,373.0,111.5,-1.4,-1.2,-5.7,0.002,0.887,0.055,0.02,0.018
075,150.9,157.2,195.1,152.7,172.5,148.5,173.8,159.7,352.8,146.1,307.1,149.7,328.7,139.3,329.0,153.3,260.4,281.2,262.8,292.8,268.5,349.7,268.5,365.6,203.2,322.0,328.4,317.2,215.6,127.4,119.5,119.9,280.0,121.6,382.3,110.4,-1.2,-0.2,-5.2,0.003,0.894,0.019,0.032,0.011
076,165.6,146.6,212.0,145.1,187.7,140.1,189.0,149.2,363.8,139.7,316.5,141.9,340.8,133.8,341.2,144.2,263.4,266.3,265.4,277.2,269.6,322.4,271.6,341.5,211.2,301.1,330.6,295.7,231.2,117.2,137.3,108.6,285.8,112.7,386.4,97.8,-1.0,-1.2,-4.6,0.01,0.787,0.039,0.055,0.058
077,148.8,159.2,201.4,155.7,173.2,150.3,175.4,161.1,354.0,147.7,308.2,151.8,330.4,143.1,331.3,153.6,263.9,278.7,265.6,291.1,271.8,346.5,273.8,365.5,206.8,323.7,333.6,320.9,219.9,128.2,111.2,114.1,273.5,124.6,381.3,100.0,-2.1,-0.6,-4.5,0.001,0.919,0.005,0.031,0.02
078,164.4,154.5,214.1,151.4,188.1,147.9,190.4,159.5,372.9,148.1,327.0,149.2,352.7,143.3,351.8,152.7,278.9,275.7,279.8,288.8,279.9,344.5,280.2,366.1,211.9,317.4,339.8,319.4,234.3,124.7,130.8,112.6,295.0,121.8,407.7,106.9,-4.0,0.6,-1.9,0.004,0.874,0.023,0.047,0.016
079,261.6,130.2,301.8,139.6,281.2,131.2,279.9,138.7,445.5,174.6,406.8,163.5,428.5,164.3,425.7,172.0,332.6,274.5,330.0,285.4,316.8,327.1,314.0,339.6,261.2,289.3,376.1,320.2,327.3,119.1,236.1,89.3,383.1,130.1,474.0,140.0,6.8,12.2,9.5,0.001,0.896,0.014,0.034,0.047
080,249.2,123.2,295.1,133.5,273.8,125.1,271.5,132.4,444.1,167.8,395.2,157.4,421.0,159.0,420.6,167.1,321.2,264.0,319.6,277.5,309.1,326.3,308.4,343.7,253.4,279.8,377.3,313.0,316.8,116.8,227.0,80.7,377.6,128.8,479.7,140.2,3.2,13.2,4.7,0.0,0.956,0.008,0.023,0.01
081,234.1,123.6,280.5,131.8,256.7,123.7,256.8,131.3,434.0,164.0,390.4,154.6,413.8,153.9,411.7,162.8,309.5,262.2,308.7,273.3,298.4,333.2,298.8,349.3,242.4,287.5,365.9,317.1,301.0,111.2,206.3,90.4,357.7,123.6,471.5,133.4,4.6,12.8,1.0,0.0,0.952,0.022,0.013,0.009
082,219.1,117.8,267.4,120.1,241.8,115.5,243.6,123.4,419.8,143.4,371.9,134.6,397.9,134.5,395.6,144.0,307.6,241.5,306.8,255.0,299.0,303.0,298.4,320.1,242.8,280.2,355.8,297.3,289.4,96.0,187.8,78.0,350.5,104.7,445.9,106.9,4.5,8.7,-4.9,0.0,0.987,0.004,0.005,0.003
083,156.1,121.9,198.5,116.2,175.5,110.2,177.7,123.7,339.5,111.4,294.5,113.1,318.0,103.0,317.1,115.4,236.2,227.7,235.3,240.0,234.0,289.5,230.5,307.8,191.2,271.2,297.0,272.7,215.4,83.0,134.3,84.5,274.7,76.5,369.7,74.3,11.0,-1.2,-14.1,0.0,0.974,0.001,0.004,0.001
084,206.3,68.6,237.6,75.7,221.1,61.1,219.2,74.0,334.2,83.8,304.1,84.7,319.0,76.2,319.0,86.4,267.8,191.9,265.9,207.1,264.4,246.5,259.7,264.2,218.8,219.9,304.8,232.7,250.3,45.6,174.3,36.2,297.0,53.1,361.5,54.9,16.0,-0.4,-6.1,0.001,0.281,0.001,0.008,0.606
085,214.9,111.6,259.1,113.0,236.7,108.7,236.7,115.4,399.2,124.5,354.8,121.0,377.3,117.5,378.1,125.5,300.2,221.7,299.2,235.9,296.7,270.1,295.5,289.2,246.9,260.7,348.4,271.6,286.3,78.6,190.2,70.0,334.7,78.4,434.0,89.1,17.8,4.4,-0.1,0.033,0.64,0.006,0.076,0.168
086,257.9,95.9,298.7,100.8,276.0,91.3,276.2,101.8,433.6,119.8,393.5,115.2,417.2,112.5,413.4,120.1,330.7,217.6,329.1,228.6,318.2,302.2,315.9,318.7,266.9,254.4,381.7,272.1,313.2,59.7,215.4,57.1,388.1,69.9,481.7,93.8,23.3,5.6,-0.5,0.057,0.111,0.045,0.006,0.001
087,264.2,101.3,313.0,109.5,287.6,95.8,285.2,112.1,451.6,138.1,402.1,130.0,431.4,124.1,425.0,140.3,330.3,228.1,330.0,241.5,317.7,307.3,314.8,330.0,268.8,267.6,377.7,290.8,321.2,66.4,231.0,56.3,401.7,83.5,504.1,112.6,22.7,8.2,-1.7,0.038,0.056,0.088,0.001,0.0
088,260.8,112.0,309.4,118.5,282.3,104.7,282.8,120.2,459.4,153.8,408.7,139.4,437.1,135.7,433.4,151.4,334.1,252.6,331.6,267.8,319.0,330.3,313.3,354.1,271.7,300.7,376.3,322.8,339.1,67.7,228.7,72.0,419.6,86.4,508.2,135.2,11.6,10.7,-0.7,0.009,0.025,0.002,0.0,0.0
089,268.6,111.5,311.7,116.9,288.8,101.2,288.9,118.8,461.4,154.3,414.3,142.2,441.5,136.8,437.1,153.3,331.8,246.2,329.3,260.3,313.6,327.6,308.2,348.1,265.7,289.0,380.6,316.1,339.5,61.7,241.8,56.0,420.1,78.6,516.1,121.9,6.7,11.5,-2.0,0.013,0.081,0.115,0.001,0.0
090,256.0,122.6,302.1,132.1,277.5,120.3,277.3,133.0,458.2,158.0,408.4,148.2,435.1,146.5,431.8,157.2,329.1,275.7,326.4,291.2,322.3,324.7,320.7,346.3,272.2,296.5,389.0,320.2,331.9,98.3,221.1,77.9,380.6,103.9,510.5,135.1,5.8,9.4,-0.2,0.033,0.789,0.059,0.005,0.002
091,243.9,125.5,288.9,132.1,264.6,125.3,263.7,133.8,444.7,157.5,393.5,146.9,421.5,149.4,418.9,156.3,323.5,266.2,322.4,279.6,314.9,306.9,311.3,325.6,257.6,292.9,378.2,314.7,317.7,94.6,210.3,72.1,376.5,102.0,491.6,126.8,4.5,11.6,-3.0,0.086,0.687,0.157,0.027,0.02
092,316.8,73.5,356.0,84.5,335.0,68.0,332.7,82.0,468.8,121.0,435.4,110.4,456.2,104.5,450.4,121.1,372.7,202.2,370.8,212.9,358.0,254.9,354.3,270.5,308.3,227.8,396.6,251.3,381.8,46.7,284.1,34.0,441.2,64.0,509.9,96.5,22.3,20.8,12.1,0.045,0.001,0.005,0.0,0.0
093,252.7,116.0,300.8,119.6,276.0,107.2,276.1,124.7,441.5,143.9,398.2,134.5,423.7,128.3,419.9,144.3,338.7,253.1,337.0,276.0,334.7,309.9,332.8,341.3,281.4,292.8,381.1,308.9,327.4,86.7,218.5,76.0,377.9,95.9,483.3,110.8,5.3,7.9,10.7,0.001,0.05,0.0,0.0,0.0
094,168.5,128.3,212.6,123.6,186.2,118.3,189.4,129.7,354.3,112.2,311.2,116.1,332.8,106.0,333.0,118.1,266.4,226.7,268.8,238.5,278.1,280.8,281.3,295.3,217.0,274.7,341.4,263.5,228.9,98.9,132.7,100.7,284.8,89.2,384.5,80.6,4.3,-2.1,-4.5,0.002,0.74,0.125,0.009,0.109
095,88.2,147.8,124.1,135.7,102.5,136.7,106.5,144.9,242.8,98.0,203.9,109.9,221.8,99.7,224.1,107.0,191.3,215.1,193.4,225.7,203.3,268.1,208.6,283.7,146.4,260.1,253.7,230.8,133.6,104.6,50.4,123.6,179.4,87.7,260.7,62.8,15.0,-11.4,-14.4,0.003,0.699,0.213,0.019,0.052
096,84.4,149.0,117.6,136.6,98.0,135.3,102.5,146.5,245.1,92.1,204.6,105.5,222.7,90.3,225.7,104.3,189.2,233.1,193.8,250.7,202.4,279.9,208.3,301.7,156.4,281.8,250.4,250.9,127.4,96.1,53.8,116.4,172.2,75.3,265.0,45.4,8.3,-14.7,-16.9,0.0,0.0,0.0,0.0,0.0
097,129.5,145.9,172.5,136.6,145.5,130.7,151.5,148.9,307.4,104.4,262.5,114.6,281.8,100.5,286.5,116.2,237.6,249.5,243.3,265.8,251.1,292.5,257.1,318.5,201.3,289.4,306.7,267.0,178.7,97.1,93.9,105.5,229.5,84.8,343.1,62.8,5.8,-12.3,-2.2,0.0,0.0,0.0,0.0,0.0
098,120.9,144.0,164.5,140.1,140.1,131.8,143.4,150.8,297.9,104.8,256.8,119.2,273.7,104.2,280.1,118.7,241.0,263.1,244.4,277.4,252.1,313.7,255.6,338.0,199.4,303.6,302.1,280.3,168.4,96.2,89.0,106.3,225.3,83.1,326.5,62.4,-3.6,-11.6,-3.0,0.0,0.0,0.0,0.0,0.0
099,127.7,146.7,174.2,142.4,147.8,132.3,151.4,151.9,317.7,115.9,276.3,123.9,293.2,109.7,298.5,127.7,242.3,260.5,246.2,276.5,255.5,311.8,261.1,334.2,205.5,308.4,306.6,287.9,180.4,96.9,97.1,111.1,244.8,83.2,345.5,77.8,1.2,-9.0,-2.3,0.0,0.0,0.0,0.0,0.0
100,136.9,134.5,180.2,131.5,155.3,121.6,158.3,141.4,318.4,106.8,274.2,120.7,295.8,103.0,299.5,121.8,245.5,258.2,249.2,275.3,256.7,309.1,258.4,334.5,200.0,293.1,305.6,280.4,186.2,85.0,103.0,105.9,247.9,79.1,341.7,66.9,1.4,-8.5,-5.0,0.0,0.0,0.0,0.0,0.0
101,135.9,136.3,181.6,130.7,155.5,122.7,159.1,140.2,319.2,109.5,273.2,118.1,294.3,104.7,297.8,119.7,241.7,240.5,245.8,260.3,254.8,294.4,259.7,317.8,201.0,294.4,311.4,269.4,189.2,90.9,100.4,103.1,247.6,74.7,348.6,69.6,4.2,-7.6,-3.5,0.0,0.0,0.001,0.0,0.0
102,136.6,132.4,176.3,129.3,154.4,121.8,156.4,138.9,316.5,104.4,275.3,114.7,295.9,100.2,297.8,117.1,236.6,249.8,239.8,266.0,245.8,299.3,250.9,320.7,190.9,293.5,300.1,274.3,191.5,87.1,97.9,105.5,248.7,78.0,344.0,66.8,2.9,-7.5,-7.4,0.0,0.005,0.0,0.0,0.0
103,141.1,130.2,182.4,128.3,160.2,117.2,162.3,136.5,320.5,106.2,276.6,116.6,298.8,97.7,300.7,117.9,247.4,240.6,248.9,259.7,253.6,301.3,256.7,328.9,199.4,285.2,312.9,274.6,192.0,79.0,100.5,97.9,250.7,75.0,355.5,57.0,4.2,-9.2,-5.5,0.0,0.003,0.0,0.0,0.0
104,166.2,125.9,203.6,121.0,182.0,120.3,184.5,125.0,323.7,109.9,285.2,112.9,304.1,106.5,304.0,114.8,253.5,223.2,254.7,236.7,261.2,282.6,262.8,300.1,213.4,269.9,305.5,257.4,214.4,85.5,132.3,95.1,265.2,78.6,355.9,70.0,13.7,-6.1,-2.1,0.174,0.244,0.003,0.015,0.032
105,218.1,93.7,258.9,99.1,238.7,81.8,236.6,102.1,395.0,110.2,353.3,107.8,376.2,95.6,375.7,116.4,302.3,227.3,301.0,242.7,299.5,263.2,298.1,281.8,256.2,261.3,344.9,270.7,280.2,64.9,189.6,58.8,344.4,67.6,430.1,82.7,12.2,7.0,0.6,0.002,0.067,0.0,0.001,0.0
106,131.9,149.5,179.2,142.4,154.0,140.7,155.5,149.1,322.7,116.5,273.7,123.3,298.2,114.1,299.7,122.9,237.5,240.1,239.6,252.7,248.3,291.9,251.0,304.2,195.3,284.9,313.4,270.5,185.0,107.1,93.8,131.1,242.2,92.1,356.6,87.3,-1.8,-9.2,-5.1,0.002,0.81,0.077,0.019,0.02
107,135.1,151.0,184.0,142.7,156.8,140.7,161.0,150.1,332.3,119.3,277.3,125.3,306.4,116.9,305.5,126.5,246.6,244.4,247.5,255.6,252.3,291.6,254.6,306.5,198.2,287.4,310.8,271.3,193.8,113.0,89.0,125.0,245.9,102.9,361.9,85.3,0.8,-9.2,-3.8,0.004,0.723,0.062,0.035,0.026
108,137.3,150.6,184.0,141.9,156.3,138.8,162.8,151.0,332.9,120.8,285.1,126.1,307.7,116.3,310.9,128.4,251.9,247.7,255.7,259.7,265.9,308.7,269.8,327.2,205.0,297.1,316.1,283.1,208.9,113.3,95.8,119.8,250.8,102.3,359.0,85.5,-2.0,-7.6,-3.8,0.003,0.77,0.031,0.022,0.005
109,151.6,147.5,193.6,142.4,172.4,137.7,172.9,148.8,327.4,122.9,285.4,129.7,303.7,118.8,306.0,130.3,257.2,248.3,260.1,258.9,266.4,305.6,270.6,323.6,212.4,298.0,319.8,284.3,210.0,109.9,107.9,120.6,249.5,103.9,352.0,88.8,0.9,-8.1,-0.4,0.005,0.554,0.035,0.025,0.002
110,150.7,145.4,194.9,139.7,171.5,133.2,173.0,146.5,337.5,116.7,293.3,124.0,316.0,113.4,316.5,124.6,259.5,247.5,261.4,258.7,266.0,302.0,267.3,320.0,212.8,293.0,316.6,280.4,214.1,104.3,112.0,117.4,252.4,95.9,369.2,85.0,3.7,-7.4,-1.1,0.005,0.343,0.034,0.013,0.0
111,159.0,143.8,198.9,139.8,178.4,134.7,179.3,147.2,349.5,119.6,300.6,125.1,326.2,115.6,326.9,126.5,264.3,246.0,266.4,259.0,271.4,303.1,272.5,321.0,207.7,287.6,326.9,276.7,217.4,106.9,125.4,113.3,260.3,101.4,375.3,91.0,5.7,-5.5,0.8,0.007,0.375,0.03,0.028,0.001
112,202.0,249.8,248.7,249.3,225.7,239.8,224.9,256.9,390.7,251.3,346.6,249.3,369.7,242.1,369.0,257.6,298.0,379.8,298.1,394.8,300.8,459.1,303.1,486.8,251.9,423.8,355.3,422.8,249.2,210.6,163.7,218.7,327.3,206.3,423.2,212.7,6.6,0.9,2.0,0.003,0.025,0.0,0.0,0.0
113,182.9,245.3,225.2,241.6,204.1,235.1,205.5,248.6,371.2,231.8,322.9,234.4,347.1,223.2,348.3,237.1,283.9,351.8,284.9,365.2,286.2,419.3,290.0,439.5,233.4,398.9,337.3,392.5,246.2,205.8,153.3,210.3,299.1,201.5,396.8,194.3,4.7,-1.5,-1.5,0.009,0.418,0.002,0.003,0.0
114,198.7,242.6,240.6,241.4,219.7,233.4,219.1,246.9,379.2,234.5,334.5,237.2,358.5,226.6,359.3,241.1,289.4,352.0,290.8,365.9,292.5,421.5,293.2,439.7,244.8,397.8,346.1,397.4,259.7,207.0,165.9,201.1,303.9,202.2,412.8,201.2,6.1,-0.5,-2.3,0.018,0.309,0.044,0.006,0.0
115,186.6,244.0,229.4,241.7,204.9,234.5,207.3,247.4,375.3,232.7,326.9,235.8,349.8,226.6,352.0,239.5,272.3,351.3,274.1,363.5,273.5,417.2,275.8,434.2,229.7,398.7,336.2,394.0,248.8,215.5,154.4,215.6,296.5,206.7,408.8,204.5,4.6,0.5,-3.0,0.003,0.824,0.002,0.005,0.001
116,179.3,250.5,220.5,249.5,197.9,240.4,199.0,257.0,368.0,236.6,320.9,240.3,341.8,227.9,343.5,244.7,274.9,365.7,275.2,380.3,275.1,437.6,276.3,459.4,230.2,418.7,335.8,411.3,237.9,213.4,144.7,207.3,284.2,209.0,395.7,193.2,3.9,-0.5,-1.5,0.014,0.299,0.003,0.002,0.0
117,173.0,255.3,216.2,252.3,193.1,244.2,195.6,259.9,362.4,236.7,315.3,242.4,335.9,230.5,338.9,244.4,271.2,364.8,275.0,380.0,280.1,445.1,285.4,470.2,233.1,420.4,334.8,407.3,234.5,225.0,133.2,229.7,279.5,218.9,391.9,204.0,-3.1,-2.1,-2.0,0.004,0.714,0.002,0.006,0.0
118,175.9,255.1,215.4,250.7,194.2,244.2,197.3,259.2,363.5,234.9,319.1,240.5,340.3,228.5,343.1,242.3,274.1,363.9,276.0,378.1,283.4,440.1,286.6,457.1,236.9,414.0,343.9,407.5,234.8,216.5,139.3,218.0,286.0,206.1,396.5,194.0,1.3,-4.1,-1.8,0.012,0.166,0.02,0.002,0.0
119,150.1,266.0,191.6,258.7,166.7,253.6,171.8,268.1,338.5,235.7,292.1,243.5,313.1,231.1,315.8,243.7,253.0,368.1,258.3,381.0,267.8,436.5,274.1,454.3,209.2,418.3,326.3,399.8,212.9,231.3,113.6,234.9,255.4,221.3,373.1,197.4,1.3,-7.2,-2.3,0.012,0.651,0.122,0.017,0.002
120,137.2,266.3,178.9,254.9,152.8,249.6,159.3,267.0,325.7,228.9,280.0,236.6,301.0,224.8,304.5,239.5,237.8,368.4,243.0,382.5,250.0,409.9,255.0,431.0,211.9,414.5,311.5,396.4,193.1,226.1,103.4,233.6,248.5,210.4,357.0,196.0,1.7,-9.5,-8.7,0.0,0.626,0.001,0.001,0.0
121,189.6,258.9,232.8,257.6,208.7,245.4,209.8,263.8,378.2,242.2,329.7,247.8,350.4,234.3,353.7,252.7,276.5,387.2,276.5,398.4,277.2,423.7,278.2,441.9,240.1,419.8,323.5,412.2,250.0,222.2,161.0,219.9,298.7,212.0,408.8,202.3,3.0,-2.9,-9.7,0.001,0.594,0.001,0.018,0.0
122,244.5,244.7,286.1,248.4,264.9,237.9,264.1,252.0,439.5,258.2,390.1,255.8,415.9,247.7,415.0,262.7,330.0,375.7,329.9,388.3,331.3,412.5,331.3,432.7,278.7,406.1,384.6,414.6,309.3,223.1,208.2,204.6,368.8,224.0,477.2,230.0,4.3,5.0,2.6,0.0,0.999,0.0,0.0,0.0
123,260.2,234.9,308.0,240.5,284.5,228.2,282.9,244.2,458.8,257.4,409.6,254.8,434.6,247.1,435.1,263.4,342.8,369.3,342.9,380.1,339.9,428.0,339.6,447.2,285.5,410.8,386.8,423.5,328.0,214.0,230.2,196.4,393.7,218.7,488.8,221.5,2.1,8.3,2.6,0.0,0.993,0.0,0.0,0.0
124,282.0,228.8,328.2,239.2,307.0,224.1,303.0,238.9,477.1,269.1,432.1,259.9,459.2,256.8,454.8,269.1,354.9,370.4,353.8,379.5,344.5,427.0,341.5,446.8,296.8,396.6,403.4,419.3,352.3,214.8,255.0,186.8,412.1,226.0,520.8,244.9,-0.1,10.5,0.8,0.0,0.995,0.0,0.0,0.0
125,276.9,228.8,324.3,238.6,303.4,224.2,299.0,239.3,475.5,270.6,429.7,262.1,456.2,257.9,452.8,272.7,350.8,372.6,349.3,383.8,338.5,427.0,333.6,446.3,291.3,393.0,394.0,418.4,348.9,214.5,260.0,190.3,409.4,226.6,514.8,247.1,1.8,12.4,-0.3,0.0,0.948,0.001,0.006,0.001
126,274.3,226.9,322.2,238.8,299.9,222.6,296.1,238.5,465.7,267.7,419.4,260.5,444.8,254.9,442.3,270.0,347.4,368.0,345.1,380.1,334.6,422.7,332.4,444.8,284.8,400.2,394.7,425.9,342.6,210.8,249.5,187.1,400.7,224.3,507.9,241.5,4.7,12.7,4.3,0.0,0.99,0.0,0.0,0.0
127,276.8,235.4,321.8,247.9,302.5,231.9,297.0,246.8,467.7,282.4,420.9,274.8,448.3,269.0,446.0,283.8,344.2,377.2,341.6,389.2,328.6,429.9,326.0,448.7,281.4,400.6,383.9,427.5,344.9,221.4,255.9,191.7,405.3,235.9,511.9,258.9,7.6,13.5,3.6,0.0,0.998,0.0,0.0,0.0
128,291.0,235.1,337.8,248.0,314.3,230.4,312.7,247.4,481.4,282.4,436.1,272.6,461.2,268.7,458.5,284.0,355.3,377.9,353.5,386.8,340.1,433.5,337.2,450.1,293.8,403.9,400.7,434.6,360.5,224.2,271.1,193.5,413.4,236.7,520.1,254.8,7.9,12.1,3.5,0.0,0.993,0.001,0.0,0.0
129,292.1,234.0,338.3,247.1,317.6,231.5,313.2,246.2,482.1,283.8,433.1,274.3,461.9,268.3,457.6,285.1,362.0,377.4,360.3,388.3,345.7,438.0,343.4,456.9,297.2,398.5,409.1,431.8,356.7,223.2,274.2,193.6,416.5,236.4,509.4,257.1,7.4,13.5,4.9,0.0,0.971,0.007,0.003,0.002
130,302.7,230.0,348.3,243.2,328.6,229.9,325.3,241.0,490.9,280.4,442.4,269.3,470.3,267.6,467.9,279.0,371.2,369.9,368.2,382.0,354.0,423.1,351.1,440.1,298.8,385.6,418.0,417.2,369.2,222.8,279.0,190.6,425.1,235.5,524.0,250.2,9.3,14.4,6.4,0.0,0.958,0.036,0.003,0.002
131,286.6,217.9,328.7,229.0,309.3,217.7,308.8,225.6,468.5,261.2,424.2,250.4,449.4,249.9,445.3,258.9,348.2,349.6,346.0,360.1,333.1,394.7,328.7,412.6,286.1,368.8,392.0,395.6,346.2,205.2,265.2,179.6,407.3,216.5,502.0,232.0,12.3,13.0,3.2,0.0,0.919,0.073,0.003,0.003
132,273.2,225.0,316.9,232.6,296.7,222.2,294.6,233.2,468.4,266.9,420.0,257.4,445.0,256.5,443.5,265.5,344.3,361.6,342.4,372.2,332.9,409.3,329.5,428.0,273.9,388.0,389.1,414.6,338.9,209.9,248.2,190.5,409.9,222.8,498.9,240.9,6.0,13.8,2.9,0.0,0.899,0.096,0.001,0.002
133,207.6,232.8,254.1,231.8,230.4,227.4,232.2,235.3,403.3,241.4,356.9,237.9,380.4,234.6,379.4,242.9,299.7,350.4,298.2,361.9,292.6,418.8,292.0,435.3,237.2,393.9,353.2,399.2,273.2,204.7,170.0,206.7,340.6,206.4,432.2,210.1,2.4,4.5,-3.4,0.0,0.429,0.563,0.003,0.002
134,126.8,259.1,168.5,251.4,144.1,246.9,149.3,258.0,318.3,231.5,270.9,237.7,294.1,226.4,294.7,237.4,227.3,359.2,230.4,371.9,240.0,424.1,242.6,438.6,185.5,406.6,299.3,395.2,183.6,222.8,95.6,229.7,239.3,213.5,339.9,195.5,14.7,-3.1,-6.8,0.0,0.641,0.339,0.003,0.001
135,130.8,263.9,174.2,256.1,150.0,254.3,153.3,262.9,321.1,233.7,274.1,240.5,296.0,231.6,297.7,240.3,233.4,364.1,235.9,377.1,242.8,424.3,245.5,443.1,188.7,407.3,309.0,391.5,187.5,231.7,87.8,232.9,242.1,219.2,345.2,190.0,14.7,-5.7,-5.6,0.001,0.569,0.392,0.01,0.001
136,91.9,278.6,136.6,268.1,113.1,266.2,115.5,276.4,280.3,233.6,232.5,244.1,255.8,231.5,257.3,242.2,204.7,367.8,208.0,380.9,220.9,430.2,224.5,446.8,163.8,419.2,279.4,395.6,145.6,241.5,56.2,259.3,203.7,225.8,293.9,196.9,16.8,-9.1,-11.7,0.0,0.638,0.321,0.006,0.001
137,114.1,287.6,154.2,281.0,132.1,277.3,133.7,289.1,298.5,247.4,255.1,257.7,275.1,246.0,278.7,257.8,224.2,392.2,228.6,406.9,238.3,444.9,244.8,464.8,190.9,439.3,294.4,418.6,166.9,252.8,73.8,255.7,219.0,237.5,319.5,203.0,8.6,-7.2,0.0,0.0,0.893,0.068,0.007,0.0
138,112.5,267.2,154.5,258.1,132.5,258.1,134.3,266.2,297.4,228.7,251.9,238.2,272.8,229.0,274.1,236.5,219.3,366.5,221.9,379.6,235.5,429.3,239.2,449.2,180.7,419.5,302.3,395.3,164.4,230.1,73.8,235.3,214.9,217.8,326.6,187.3,7.6,-4.1,-2.2,0.004,0.378,0.449,0.017,0.012
139,183.5,256.7,225.1,254.5,203.9,247.0,203.4,261.8,372.2,240.3,324.6,245.0,347.9,233.2,350.2,249.2,283.5,376.4,288.0,396.3,291.4,434.6,296.8,460.9,240.1,418.5,348.8,409.9,245.0,225.9,142.4,221.3,292.7,216.0,413.9,200.6,2.4,-3.3,1.9,0.014,0.175,0.0,0.05,0.002
140,243.5,225.6,287.6,232.1,265.7,216.5,264.2,237.5,427.8,239.1,386.2,238.4,406.9,225.0,408.2,247.0,332.1,364.3,334.2,383.9,333.9,431.5,334.2,459.9,286.8,410.6,386.6,415.3,312.8,192.2,203.8,183.2,362.0,192.3,465.3,198.1,5.0,2.3,6.3,0.0,0.017,0.0,0.0,0.0
141,260.7,230.0,301.9,230.8,278.8,223.3,280.9,233.9,420.1,245.0,382.2,240.9,403.0,235.1,401.1,245.9,329.7,366.8,329.5,384.6,328.7,425.9,327.7,450.1,283.2,407.2,374.4,415.8,327.4,200.2,233.4,193.4,366.0,204.6,453.8,219.9,9.7,13.2,1.5,0.0,0.604,0.0,0.002,0.001
142,297.8,196.5,342.3,210.1,321.9,187.5,317.9,210.3,474.6,244.6,436.9,235.3,461.6,225.9,456.4,246.6,366.9,343.9,361.3,361.8,360.6,373.6,356.3,394.0,309.6,371.8,401.1,394.2,369.9,179.1,270.9,159.3,428.5,192.0,510.4,221.7,4.7,16.4,0.2,0.0,0.095,0.0,0.0,0.0
143,298.6,210.0,342.3,222.3,322.7,203.0,320.6,220.4,480.6,261.3,436.5,250.3,462.2,243.6,457.9,259.0,365.2,349.2,361.4,368.1,359.8,376.6,352.6,399.0,307.5,374.2,402.3,402.6,374.4,198.2,272.0,170.0,424.9,210.9,520.5,234.5,4.3,14.6,2.6,0.036,0.391,0.003,0.005,0.0
144,327.0,221.3,370.5,237.0,350.0,219.9,347.0,233.2,502.7,274.1,461.1,260.2,485.1,258.7,480.1,272.8,384.1,367.1,379.5,387.8,362.4,443.4,356.5,468.5,323.3,401.2,418.8,427.8,402.9,207.3,299.5,175.4,446.8,219.9,548.3,252.5,0.6,16.8,6.4,0.007,0.079,0.0,0.002,0.0
145,341.4,214.0,379.5,226.1,360.6,214.5,358.8,221.5,507.2,265.1,466.8,251.4,490.3,250.6,486.1,259.5,400.3,345.8,397.1,359.1,387.9,394.7,382.7,410.6,332.9,367.5,435.0,398.8,406.0,200.7,318.4,175.4,461.5,213.6,542.7,241.0,20.6,16.1,9.4,0.0,0.913,0.002,0.002,0.035
146,367.5,219.8,408.6,229.7,387.1,217.2,385.7,229.1,548.6,256.9,500.0,249.5,525.6,244.4,523.4,259.1,432.4,365.8,430.9,376.3,430.2,394.6,426.9,410.2,368.5,375.5,479.9,397.6,446.3,205.0,340.1,175.4,494.0,221.0,586.0,225.6,12.9,17.8,12.8,0.04,0.736,0.045,0.014,0.023
147,376.8,217.0,416.5,234.1,396.8,218.8,394.6,230.0,532.6,281.4,498.7,267.9,519.7,265.4,514.6,279.4,439.4,371.2,434.5,389.5,424.8,418.0,418.9,444.0,366.7,393.5,449.1,428.4,449.3,206.0,354.8,166.6,498.2,225.1,564.8,248.5,17.9,16.1,21.3,0.083,0.28,0.011,0.018,0.002
148,385.8,227.0,419.4,240.4,405.2,229.0,400.8,237.2,543.7,300.1,510.5,283.3,530.5,284.3,524.9,296.6,427.2,398.7,421.1,415.9,408.2,455.7,401.2,478.3,363.8,415.4,453.2,450.0,462.5,219.7,369.9,177.7,499.6,240.3,579.4,264.3,14.5,19.1,17.3,0.04,0.131,0.009,0.013,0.001
149,380.5,212.8,421.5,232.2,401.6,214.0,399.5,224.4,536.5,285.4,499.9,266.7,521.3,268.4,517.5,278.4,425.9,355.1,422.0,367.6,405.5,413.1,400.1,433.9,364.0,381.5,450.0,417.1,453.9,201.3,367.9,167.2,498.8,225.4,569.2,265.3,18.6,23.7,19.6,0.083,0.197,0.002,0.007,0.001
150,375.2,208.5,416.1,227.5,399.8,212.6,393.7,223.6,534.8,283.9,500.8,265.5,521.4,268.5,516.5,280.6,428.6,347.8,421.8,367.5,404.6,414.2,396.6,436.3,358.1,376.6,453.2,413.9,452.9,203.7,354.2,164.1,495.4,223.6,570.0,258.8,15.1,23.8,18.8,0.122,0.133,0.004,0.005,0.001
151,361.2,206.3,403.5,221.4,383.3,207.1,381.5,217.4,532.8,284.5,492.2,263.4,514.4,266.7,510.8,275.7,414.2,352.8,407.8,371.5,393.7,408.8,386.1,431.7,348.4,378.4,436.3,417.2,435.6,198.3,350.5,164.1,486.8,220.4,561.3,261.5,10.9,30.1,9.4,0.037,0.337,0.001,0.004,0.0
152,367.3,203.2,408.7,221.3,390.4,202.8,386.1,216.2,532.3,276.2,495.9,260.6,518.9,260.7,512.6,272.4,410.3,359.3,404.8,375.9,391.1,416.5,380.8,439.7,351.8,378.9,444.5,415.3,442.9,200.9,355.7,160.6,483.7,222.5,573.3,250.0,11.8,24.7,7.0,0.012,0.194,0.001,0.001,0.0
153,358.5,213.2,403.8,229.7,382.1,213.8,378.8,225.3,527.6,276.1,488.8,262.1,510.4,260.8,507.1,272.1,420.9,359.7,416.4,377.4,412.5,401.9,407.5,425.0,352.0,384.7,443.7,413.5,435.3,201.7,339.8,168.6,479.8,218.8,570.8,251.3,11.4,20.6,5.5,0.005,0.243,0.0,0.001,0.0
154,337.0,229.0,373.1,240.8,356.2,230.1,354.7,238.1,507.2,283.2,467.8,270.1,490.8,270.2,487.5,279.7,395.4,368.5,391.7,382.0,378.8,424.4,373.6,442.7,330.9,392.3,430.5,428.2,406.8,218.2,313.8,188.9,447.1,232.5,539.6,258.0,13.1,15.3,6.4,0.003,0.939,0.002,0.007,0.002
155,333.9,216.2,376.4,231.2,357.6,217.4,352.6,226.1,507.4,270.1,466.3,257.2,488.8,257.4,486.2,266.8,394.9,350.3,390.9,362.2,375.6,399.5,371.1,416.6,331.5,374.4,426.2,406.1,408.8,208.9,312.8,179.2,456.0,218.9,543.2,238.8,15.4,16.2,3.7,0.0,0.967,0.001,0.001,0.001
156,341.6,199.4,378.5,210.1,359.8,199.5,359.3,207.2,504.7,249.6,470.3,235.9,490.6,236.3,487.2,245.1,401.8,321.2,399.6,331.5,392.0,354.1,388.2,367.4,344.8,337.0,434.8,368.9,406.6,192.2,319.3,168.4,451.8,203.2,540.7,233.8,21.6,13.9,6.8,0.0,0.996,0.0,0.002,0.0
157,309.4,193.4,351.5,199.8,328.6,191.4,329.9,200.4,482.6,226.9,439.1,217.8,462.4,216.7,460.7,224.2,379.3,301.4,376.9,313.9,362.6,379.0,359.5,397.9,307.5,336.1,422.9,360.6,374.6,173.6,282.1,158.7,428.8,181.2,529.0,208.2,16.5,10.2,-1.5,0.005,0.572,0.362,0.024,0.003
158,256.3,212.4,293.3,212.4,272.9,203.0,273.5,217.7,431.6,220.3,390.2,219.8,413.0,209.5,412.0,226.2,332.3,333.1,330.8,352.4,330.5,385.7,328.1,413.3,277.3,368.2,384.4,376.8,318.6,168.0,223.2,175.7,387.6,172.8,474.7,189.5,15.1,4.2,-7.4,0.009,0.011,0.0,0.0,0.0
159,124.3,263.6,165.2,252.2,139.8,250.5,145.5,262.2,298.7,219.2,254.3,230.1,275.2,216.9,278.0,230.0,239.4,372.0,242.8,387.1,253.6,424.4,257.8,448.3,206.3,422.9,300.4,396.5,175.8,212.4,82.7,233.8,226.0,192.6,322.5,173.9,10.6,-7.7,-7.8,0.0,0.006,0.0,0.0,0.0
160,107.7,255.7,147.8,246.5,122.6,242.4,128.5,256.1,276.9,207.3,234.0,222.7,253.5,206.3,257.6,220.5,217.2,347.1,220.2,362.1,229.2,403.1,234.9,423.3,181.5,398.4,272.4,376.8,156.9,203.6,69.4,233.2,211.7,182.6,302.0,158.5,14.2,-8.7,-10.5,0.0,0.006,0.0,0.0,0.0
161,109.2,255.1,147.6,244.4,122.5,240.9,128.7,254.5,276.5,206.8,238.8,219.6,257.9,204.4,260.6,216.0,224.9,353.8,228.8,369.6,241.5,404.6,248.0,424.8,197.2,404.9,285.0,376.3,161.1,206.5,71.4,228.0,207.8,190.6,297.6,163.7,12.0,-11.1,-11.4,0.001,0.009,0.0,0.0,0.0
162,103.7,256.3,145.3,244.8,119.7,240.1,124.5,254.7,277.6,205.8,232.4,218.1,254.6,201.2,257.1,215.3,212.1,344.9,214.5,359.3,231.2,412.5,236.1,437.8,185.7,400.8,279.9,373.7,151.4,206.6,68.6,229.2,206.2,182.5,318.4,168.4,15.6,-13.6,-10.1,0.002,0.004,0.0,0.0,0.0
163,104.6,262.7,142.6,249.1,120.8,250.8,125.0,261.1,267.0,214.4,227.8,223.0,247.5,211.5,249.4,222.7,217.5,344.6,221.3,362.0,235.6,409.8,240.9,430.8,181.1,404.6,277.8,376.3,146.9,205.7,67.3,232.9,199.5,185.9,298.5,170.9,13.2,-7.4,-4.9,0.006,0.011,0.001,0.003,0.0
164,103.0,261.3,145.2,248.5,118.6,246.2,124.2,259.0,276.3,207.1,233.6,221.0,253.9,204.5,257.0,218.3,213.4,348.7,219.0,365.4,229.7,397.7,236.1,418.2,188.2,399.2,280.7,370.5,151.6,207.0,70.3,231.0,204.0,189.8,299.6,165.4,13.4,-9.9,-4.9,0.001,0.008,0.0,0.0,0.0
165,185.9,223.6,234.9,220.2,207.2,210.0,209.9,225.4,380.9,218.3,335.4,217.5,356.7,205.2,357.4,222.7,291.7,327.7,292.7,337.7,296.1,391.8,298.5,405.2,232.9,376.0,351.9,366.8,248.2,182.8,148.0,192.1,311.0,179.9,418.4,187.8,13.3,-0.9,3.0,0.001,0.019,0.463,0.0,0.0
166,236.2,221.1,284.6,225.9,260.0,216.3,259.2,227.3,420.9,240.8,376.7,234.8,403.0,231.2,399.1,241.1,320.4,350.9,318.8,370.3,313.7,412.4,312.8,437.2,258.7,398.0,367.7,403.0,310.7,193.2,202.0,187.5,368.1,193.8,453.3,205.2,9.0,8.4,1.5,0.003,0.25,0.162,0.002,0.024
167,242.4,255.4,284.1,264.6,264.2,249.5,261.1,268.1,435.4,287.7,388.2,283.6,414.8,274.8,413.7,293.4,316.6,411.2,314.8,425.6,306.2,464.8,302.9,485.9,259.2,443.6,365.5,460.0,315.2,241.6,214.0,206.1,365.2,245.2,476.6,262.7,-1.9,8.4,-2.2,0.0,0.055,0.001,0.0,0.001
168,232.8,243.8,282.4,249.6,257.2,242.8,257.4,251.0,431.7,270.9,381.3,261.9,407.1,261.7,406.2,271.8,319.0,386.9,317.9,404.4,313.5,451.1,312.3,477.5,262.3,431.7,372.5,444.6,308.1,217.6,207.3,196.5,359.0,222.4,461.9,233.1,-0.5,9.7,0.1,0.007,0.079,0.019,0.001,0.005
169,242.7,233.5,286.6,239.4,263.5,224.3,264.1,241.3,436.4,261.6,393.6,254.6,414.7,248.1,414.3,263.6,324.7,371.2,324.3,387.3,318.9,429.0,318.3,453.0,261.7,401.1,386.9,420.1,317.2,213.2,221.6,188.5,376.2,216.2,482.0,232.3,4.6,7.1,2.1,0.007,0.119,0.099,0.001,0.0
170,349.6,210.9,390.1,223.1,371.3,205.1,368.5,220.0,522.8,263.9,484.6,252.9,507.2,248.3,502.2,264.1,401.7,362.7,396.8,379.6,391.5,408.0,387.0,427.3,346.3,389.0,439.7,421.0,423.4,200.5,329.3,162.5,471.3,212.6,571.0,237.5,10.1,16.8,7.2,0.001,0.135,0.05,0.001,0.0
171,175.2,291.1,212.3,284.9,192.5,281.5,194.4,293.2,361.7,254.0,321.5,265.8,339.1,252.5,342.9,263.0,297.8,407.4,300.3,422.3,292.8,425.1,295.9,441.2,238.0,436.9,360.6,406.6,230.4,252.1,125.3,265.9,287.6,236.8,386.6,210.2,-5.4,-11.3,3.6,0.954,0.0,0.0,0.0,0.006
172,134.6,282.7,180.6,265.5,153.7,265.1,159.9,278.9,330.9,232.5,280.4,243.4,302.4,226.7,307.4,244.5,259.3,379.3,262.9,392.3,272.7,442.7,279.2,468.4,218.0,437.9,314.0,416.5,203.3,229.0,93.0,253.4,246.1,217.0,359.6,195.2,3.5,-7.4,-9.2,0.0,0.004,0.004,0.0,0.0
173,325.4,217.4,369.8,230.8,348.7,213.1,346.8,228.1,502.6,267.0,463.5,255.0,487.8,251.7,483.4,266.0,389.3,368.1,384.9,382.7,375.3,419.6,370.7,439.5,321.8,395.3,427.4,426.5,399.8,204.1,294.9,170.2,447.5,214.7,542.5,236.6,7.9,16.4,11.7,0.001,0.261,0.002,0.003,0.001
174,299.1,219.8,347.1,230.9,323.5,214.3,320.8,229.8,490.3,270.1,440.6,256.9,467.7,251.2,465.2,267.7,374.9,355.1,372.4,369.8,361.3,407.2,356.5,428.3,306.1,389.9,415.4,413.4,373.0,205.8,278.0,173.2,428.3,219.1,520.3,234.2,10.2,12.7,8.8,0.001,0.721,0.036,0.001,0.0
175,309.4,215.5,355.6,229.2,334.6,212.7,330.5,227.1,493.4,270.2,441.8,253.3,472.4,251.4,467.7,268.8,372.4,354.2,367.9,369.4,351.3,423.5,346.4,447.3,303.6,392.7,402.4,423.7,376.8,176.4,290.2,162.0,448.4,195.7,536.7,238.4,3.1,14.6,2.6,0.0,0.036,0.005,0.0,0.0
176,296.9,214.8,338.9,228.6,318.6,206.9,314.9,226.2,476.6,255.0,431.7,248.1,456.4,239.4,453.2,258.9,351.7,359.1,348.0,372.9,337.2,419.5,331.3,441.4,296.6,389.9,399.8,414.6,365.3,190.0,269.4,172.5,418.8,202.4,523.0,230.6,5.0,14.7,-1.6,0.0,0.138,0.0,0.0,0.0
177,300.6,211.3,341.3,222.0,318.4,207.5,318.9,221.9,476.6,252.7,431.4,243.6,456.0,239.0,453.5,252.2,360.9,348.1,357.1,364.1,349.7,396.2,343.2,418.3,307.8,378.1,402.1,401.1,369.1,191.4,276.8,172.7,419.6,205.5,520.9,223.9,9.5,12.0,-0.6,0.003,0.258,0.0,0.001,0.0
178,294.1,213.0,332.6,224.8,314.7,206.1,311.3,224.7,472.0,256.0,428.1,246.4,452.3,240.5,449.4,258.8,351.6,356.1,350.9,374.2,339.6,424.3,337.1,445.1,297.3,389.4,398.5,407.8,362.1,196.9,270.5,170.4,407.4,205.8,521.0,233.4,5.0,14.2,0.1,0.001,0.223,0.0,0.0,0.0
179,288.0,211.1,330.3,223.9,310.5,204.6,307.2,224.4,470.5,259.5,425.8,246.0,452.4,241.6,446.3,261.4,342.0,358.7,336.1,376.1,326.8,407.0,320.9,431.1,293.1,380.4,388.0,408.5,359.9,185.6,267.5,167.5,413.7,197.7,517.7,229.5,4.0,15.4,-0.3,0.0,0.02,0.0,0.0,0.0
180,299.8,197.3,344.7,211.4,318.9,188.5,319.3,209.2,480.0,248.1,436.2,236.7,462.5,230.0,456.5,249.0,357.6,329.9,354.9,344.3,342.7,391.4,338.2,413.5,298.9,357.0,400.3,384.3,369.6,170.5,287.1,152.8,434.2,185.6,518.1,216.0,12.5,14.2,0.2,0.0,0.033,0.0,0.0,0.0
181,308.8,190.8,353.0,203.9,331.5,186.8,328.6,202.8,482.5,242.6,439.7,230.9,465.3,226.3,460.1,242.7,363.0,323.0,357.4,339.4,339.8,384.6,331.5,405.6,301.1,352.2,391.9,379.8,382.2,173.7,288.4,156.0,434.3,190.5,527.7,227.3,14.4,17.6,-3.2,0.001,0.054,0.0,0.0,0.0
182,319.0,190.0,354.8,199.1,337.5,190.0,335.3,198.3,465.0,230.6,430.8,218.1,448.7,219.4,447.3,228.1,365.7,309.2,362.9,319.7,354.1,345.5,350.3,359.6,313.9,323.8,398.7,349.1,378.3,171.2,300.9,154.0,430.4,180.0,497.0,208.1,26.9,14.7,-6.4,0.002,0.964,0.008,0.003,0.001
183,0,0,0,0,0,0,0,0,0,0,0,0,0,0,0,0,0,0,0,0,0,0,0,0,0,0,0,0,0,0,0,0,0,0,0,0,0,0,0,0,0,0,0,0
184,320.1,191.1,361.9,204.4,340.5,189.1,338.3,201.6,485.0,237.0,445.3,228.0,467.3,225.1,465.6,235.6,375.2,318.6,369.6,335.8,362.0,361.1,356.6,383.5,315.7,341.5,412.8,364.6,384.7,172.3,302.3,148.5,435.9,186.8,517.3,209.9,24.5,10.4,2.1,0.001,0.695,0.005,0.002,0.001
185,277.1,216.4,322.0,226.7,298.2,213.0,297.7,226.0,462.1,260.3,416.9,249.9,442.7,247.3,441.3,259.2,341.4,348.5,338.3,359.8,327.3,398.0,322.9,416.8,273.4,371.9,388.0,399.8,350.8,197.2,258.0,179.9,395.8,208.9,497.6,233.8,9.3,11.8,0.7,0.009,0.107,0.498,0.001,0.001
186,267.9,209.3,317.5,219.1,293.7,202.8,289.9,222.2,457.7,244.1,405.6,234.7,433.0,230.0,430.6,246.7,348.9,331.1,345.8,342.0,332.0,400.7,329.5,418.1,281.7,372.1,383.0,391.5,339.2,184.2,244.2,175.6,397.1,191.7,485.3,212.7,7.3,10.1,-0.7,0.006,0.745,0.054,0.001,0.002
187,238.6,239.6,282.3,245.8,263.2,227.9,258.6,249.3,433.8,252.6,383.3,250.5,408.4,236.6,407.3,259.0,316.9,374.3,316.0,393.5,314.2,433.8,313.1,461.4,276.3,417.5,375.2,423.6,308.8,211.6,209.4,193.0,355.7,210.1,468.6,216.5,3.3,6.1,1.5,0.011,0.032,0.001,0.0,0.0
188,197.5,243.0,239.5,242.8,216.2,232.0,217.6,250.6,379.4,230.2,334.4,234.6,356.6,221.6,359.8,237.7,289.5,361.2,288.8,381.0,288.5,418.1,288.4,447.3,244.0,405.4,342.4,403.3,262.3,207.6,166.4,204.3,310.5,198.4,409.9,195.2,1.5,-2.7,-6.8,0.005,0.008,0.0,0.0,0.0
189,220.0,243.3,259.3,240.2,237.0,236.5,238.7,246.3,394.3,234.4,355.8,234.7,376.7,230.4,375.9,238.9,307.8,357.4,308.0,373.6,309.2,406.8,309.2,431.8,260.9,397.4,368.7,393.8,282.0,202.8,180.3,205.9,331.1,195.1,426.7,194.8,3.4,-1.9,-1.5,0.182,0.003,0.0,0.003,0.001
190,206.2,228.6,248.3,227.2,224.4,213.3,226.3,233.4,383.7,213.3,339.4,218.9,360.9,203.4,363.5,222.9,306.4,337.1,307.4,355.2,306.3,383.9,305.5,410.0,254.1,373.8,359.5,371.2,263.6,188.4,165.1,203.6,316.2,182.3,418.5,182.1,7.6,-4.2,-1.8,0.0,0.006,0.0,0.0,0.0
191,210.3,216.0,251.2,213.1,229.6,204.7,232.0,220.1,382.9,201.6,342.5,205.6,363.9,194.1,364.4,209.6,299.4,326.1,300.3,339.6,301.6,373.3,305.7,397.4,254.6,366.1,354.9,357.6,262.5,173.4,179.1,187.7,322.7,165.3,415.3,164.4,16.2,-2.5,-2.1,0.0,0.005,0.0,0.0,0.0
192,205.8,224.5,244.6,222.7,225.0,211.2,225.5,230.1,389.1,211.2,342.0,215.7,367.1,200.0,369.9,219.0,289.8,326.4,290.0,341.3,290.8,344.7,291.3,364.6,241.6,350.6,356.9,344.6,263.4,186.3,176.6,196.4,325.4,178.5,427.6,189.7,11.5,-1.8,-9.0,0.999,0.0,0.001,0.0,0.0
193,187.0,245.9,219.3,241.7,202.9,233.8,204.5,248.8,359.8,229.2,317.3,235.1,337.8,222.4,340.6,236.9,273.4,354.6,274.4,365.1,277.6,413.7,277.3,432.7,219.7,391.3,344.8,385.7,233.6,209.2,160.1,208.5,294.9,205.3,389.8,198.2,5.5,-1.9,-14.3,0.001,0.015,0.968,0.001,0.0
194,200.5,198.6,235.8,198.2,218.1,191.3,218.6,201.1,340.4,202.3,304.6,202.1,321.0,195.6,321.8,206.1,273.8,303.3,274.2,319.1,272.8,336.9,273.5,358.4,227.1,335.0,332.8,328.6,241.5,168.5,172.0,174.4,299.5,168.5,376.6,181.7,17.9,-3.0,-13.2,0.0,0.21,0.319,0.01,0.453
195,199.2,197.3,227.3,195.3,212.9,188.6,213.4,199.9,326.3,195.7,292.9,195.1,310.0,187.7,309.6,198.8,265.9,303.5,266.2,317.8,265.8,349.5,264.2,364.6,229.8,341.1,302.3,341.2,237.4,158.0,169.5,164.2,281.5,157.4,350.4,159.8,14.2,-4.6,-12.3,0.0,0.75,0.0,0.002,0.199
196,195.2,238.3,236.7,230.6,212.6,230.4,216.2,238.8,369.8,218.1,328.6,220.2,351.0,214.9,349.3,223.1,297.9,341.4,298.9,357.2,304.6,389.0,305.5,410.5,251.0,386.3,353.6,375.0,250.9,191.6,157.0,206.6,308.3,182.5,398.1,180.4,15.5,-3.7,-4.7,0.049,0.025,0.08,0.002,0.003
197,165.9,241.5,202.8,235.4,179.2,234.5,183.6,240.7,330.7,214.9,285.7,221.3,309.6,210.9,309.2,219.2,255.6,338.2,257.5,354.6,264.0,382.2,267.2,403.2,208.8,380.8,326.7,361.4,218.0,196.5,134.8,215.0,256.4,187.5,347.2,176.4,14.6,-6.0,-12.4,0.002,0.013,0.935,0.001,0.002
198,178.0,236.5,213.0,230.4,192.5,220.0,195.9,238.2,348.2,208.8,304.0,217.5,324.3,198.2,327.6,217.6,268.0,340.0,270.3,357.5,273.5,390.6,275.6,417.7,228.7,390.3,325.8,378.5,229.1,193.9,151.5,204.2,281.8,185.8,375.3,176.5,9.8,-6.8,-9.7,0.032,0.163,0.003,0.001,0.0
199,190.7,237.2,237.8,233.8,211.2,225.4,213.9,238.9,386.8,231.5,340.5,229.9,365.3,222.5,364.3,234.8,291.2,348.3,291.0,360.5,290.4,402.3,290.7,417.3,242.1,394.9,342.5,392.5,253.0,200.4,161.9,205.6,304.9,199.1,413.9,195.3,7.6,0.8,-4.0,0.001,0.968,0.0,0.001,0.001
200,245.7,232.8,291.3,237.4,268.4,226.6,267.4,238.8,439.9,252.9,394.9,246.7,419.4,242.0,416.0,255.1,325.4,360.2,325.5,370.4,325.8,411.0,323.8,428.1,275.7,398.7,389.3,411.4,314.8,211.1,226.1,187.6,369.0,212.7,476.1,218.8,7.6,5.3,4.7,0.003,0.974,0.001,0.001,0.001
201,303.8,225.7,351.4,237.0,328.8,225.9,327.3,235.4,499.7,272.8,452.1,261.2,479.8,260.3,476.1,271.7,380.5,364.7,379.6,378.0,368.0,432.4,365.8,452.5,316.9,394.9,426.2,424.7,374.8,215.3,281.2,182.6,434.2,226.1,531.8,238.9,13.0,12.2,10.3,0.003,0.971,0.001,0.002,0.002
202,345.7,229.4,388.0,241.5,369.1,228.0,366.9,238.8,518.0,285.4,477.1,271.0,500.2,272.3,497.3,282.7,400.2,369.1,399.2,379.9,386.2,422.0,382.5,443.0,333.7,391.1,434.3,423.2,413.8,220.6,328.0,189.5,463.4,233.8,558.3,267.7,13.9,16.7,8.7,0.002,0.955,0.001,0.01,0.009
203,352.4,227.3,391.5,241.1,372.9,226.7,370.5,237.4,530.8,294.5,489.2,276.8,513.6,278.7,509.6,289.6,404.6,372.2,401.4,385.3,382.3,429.8,376.8,449.6,336.1,392.5,443.0,433.5,420.4,223.3,329.6,185.1,472.3,237.8,575.1,272.3,10.7,18.9,5.0,0.002,0.916,0.012,0.014,0.034
204,356.7,217.2,399.6,230.5,378.5,218.6,377.5,228.2,531.1,281.7,488.2,264.5,512.2,265.5,509.1,276.1,414.2,360.8,410.3,372.3,394.3,416.0,390.5,430.7,350.5,381.2,447.4,414.7,423.8,214.3,334.3,176.2,476.0,229.2,562.8,254.3,14.1,18.5,6.8,0.002,0.785,0.039,0.019,0.136
205,348.1,216.1,390.6,228.2,372.9,215.2,369.3,226.5,529.4,277.9,483.8,261.7,511.6,262.2,505.7,273.9,403.0,355.4,400.7,367.0,381.4,426.1,375.5,445.8,336.2,384.2,434.3,419.1,419.4,209.5,336.2,178.9,467.9,222.2,565.2,252.1,9.8,19.9,3.0,0.0,0.98,0.005,0.003,0.003
206,251.7,212.1,295.3,214.5,271.8,206.3,273.3,216.9,439.0,232.0,394.5,225.2,418.4,222.5,415.3,232.3,333.8,329.4,332.9,341.7,330.1,367.8,329.1,386.1,280.3,359.2,384.8,372.6,312.9,190.9,223.7,178.5,368.2,193.0,468.1,197.2,11.9,4.6,-0.6,0.0,0.887,0.092,0.003,0.001
207,179.8,225.0,226.5,221.7,201.4,217.5,203.7,223.7,354.7,211.1,307.2,215.6,329.4,207.4,331.6,214.8,279.5,318.6,280.2,331.3,279.5,361.0,281.8,379.3,225.6,359.6,329.1,352.5,240.9,193.7,145.5,197.2,286.9,188.3,379.1,180.2,16.8,0.0,-5.2,0.0,0.991,0.003,0.001,0.001
208,169.0,235.4,210.8,230.3,186.5,226.3,188.8,234.2,348.4,215.4,303.6,219.4,324.7,212.2,325.6,220.1,267.3,333.0,270.0,346.5,275.8,377.2,278.9,393.7,220.0,371.3,332.9,358.7,225.2,202.7,139.0,209.5,283.3,190.7,370.3,183.8,11.0,-4.1,-4.2,0.0,0.976,0.006,0.001,0.009
209,134.7,249.6,182.6,238.7,156.8,235.5,159.1,247.3,320.8,216.9,275.6,223.5,298.8,212.9,299.9,222.9,246.2,341.0,247.8,354.2,256.2,408.3,259.2,425.7,193.4,393.8,309.6,378.0,195.7,210.1,92.3,225.0,249.0,195.4,344.6,176.0,14.5,-6.0,-1.7,0.004,0.649,0.201,0.02,0.043
210,136.5,251.3,178.3,242.9,153.3,239.0,157.4,252.5,310.9,214.1,267.1,223.5,287.1,209.3,290.7,223.3,238.0,336.7,242.3,351.5,252.4,401.6,254.7,419.1,195.4,392.8,312.0,368.5,185.4,212.8,92.3,232.4,234.1,199.1,341.1,180.0,13.9,-7.5,-3.9,0.004,0.743,0.087,0.012,0.09
211,119.3,265.4,159.9,256.3,136.8,252.9,141.0,265.7,289.3,222.5,250.1,233.1,269.6,220.3,272.1,232.2,224.8,350.0,226.4,361.6,236.4,408.0,242.6,428.8,184.8,402.5,300.6,376.0,173.2,224.5,77.7,239.5,214.5,212.5,319.7,184.4,17.0,-10.1,-6.3,0.001,0.805,0.0,0.1,0.087
212,123.8,258.1,162.8,248.4,138.0,244.0,143.9,257.6,293.9,216.2,253.2,223.3,271.4,211.2,274.9,224.5,224.2,352.3,230.4,369.0,238.6,403.3,243.9,422.5,197.5,399.3,296.4,378.4,174.9,217.8,86.7,227.4,212.1,205.9,320.9,178.9,14.8,-9.0,-12.4,0.004,0.828,0.0,0.007,0.001
213,115.4,260.5,154.6,250.7,129.7,246.5,135.4,260.4,289.1,215.0,244.9,225.9,266.0,211.7,268.7,224.4,214.0,348.5,219.0,361.8,235.1,424.1,240.5,444.5,181.8,405.9,288.7,385.2,169.8,219.1,78.3,235.6,200.9,203.3,319.3,182.3,15.5,-9.6,-17.1,0.001,0.717,0.0,0.002,0.0
214,116.9,263.8,160.8,255.1,133.7,249.3,139.9,265.7,296.1,221.6,256.6,231.8,274.4,216.9,278.7,232.2,229.2,355.5,233.0,367.7,245.4,428.5,249.7,444.6,190.5,410.0,293.2,392.4,180.0,221.8,79.7,238.2,210.9,212.3,316.3,183.0,12.2,-10.9,-15.1,0.0,0.821,0.0,0.001,0.0
215,117.7,272.1,157.9,264.0,135.6,257.2,138.9,272.4,295.3,227.5,252.0,239.1,273.6,221.9,275.4,237.1,226.4,360.3,229.4,375.4,239.3,427.0,243.7,448.2,186.5,411.7,293.6,388.2,172.2,229.4,84.1,247.9,214.6,218.1,327.4,192.5,16.8,-9.1,-11.2,0.003,0.832,0.001,0.011,0.001
216,141.1,248.5,187.0,242.3,160.8,235.0,165.0,251.1,323.6,215.0,281.4,224.2,300.4,210.1,303.7,223.6,247.1,346.8,249.6,359.1,256.1,401.7,259.9,421.1,205.1,393.3,309.5,377.8,198.1,214.2,101.7,229.5,242.8,203.6,352.8,184.8,10.4,-5.9,-3.6,0.0,0.886,0.004,0.001,0.005
217,150.4,261.8,194.5,252.7,169.9,251.1,173.0,261.7,336.2,231.5,290.8,237.7,313.6,228.1,315.0,238.4,258.1,360.8,261.5,372.8,269.6,421.1,272.4,437.5,211.7,413.4,325.2,394.7,212.6,220.3,118.1,226.9,260.8,207.4,353.8,195.4,4.9,-2.4,-1.1,0.006,0.894,0.007,0.005,0.015
218,191.1,229.3,238.3,228.1,212.6,220.1,214.7,232.6,381.6,228.4,336.8,226.2,360.2,219.7,360.1,230.0,291.8,332.9,292.0,343.1,291.9,409.8,293.4,423.3,240.1,385.9,343.3,386.1,260.7,192.5,155.9,196.6,312.0,188.7,411.6,194.3,10.7,0.3,1.5,0.002,0.926,0.005,0.006,0.031
219,217.4,224.2,260.9,224.1,238.6,218.4,239.1,227.2,401.7,235.8,358.2,229.4,383.3,226.3,380.9,236.3,302.0,334.3,302.0,347.0,299.2,397.3,296.2,417.2,241.9,374.8,359.7,384.4,278.2,194.4,186.6,188.7,324.5,197.2,434.4,205.8,9.4,4.0,2.2,0.006,0.687,0.079,0.01,0.192
220,265.1,221.6,309.5,225.6,288.2,217.4,287.2,227.0,454.5,255.7,408.3,243.8,435.8,242.2,431.9,253.3,347.9,345.6,345.2,359.5,333.4,417.7,330.6,438.1,276.8,383.2,394.5,400.0,334.8,200.8,239.7,183.5,391.8,210.4,493.1,228.8,11.6,9.2,8.1,0.003,0.903,0.033,0.005,0.029
221,313.0,214.0,356.7,226.6,336.2,214.1,332.9,223.0,495.5,269.7,455.1,252.4,482.3,253.2,475.3,264.2,396.0,345.9,393.3,358.7,384.8,402.2,378.4,419.3,322.4,364.5,438.8,399.6,398.2,203.5,285.4,179.7,449.4,213.0,530.0,241.5,15.5,15.6,13.7,0.146,0.016,0.248,0.006,0.572
222,343.7,220.9,387.8,237.0,369.2,221.1,363.7,232.8,517.9,289.0,478.4,271.0,501.9,273.0,496.6,285.9,405.1,367.2,400.5,377.4,382.6,426.6,376.0,444.1,331.6,386.3,429.6,424.7,420.6,189.8,327.3,168.8,485.8,218.0,565.0,258.2,15.4,17.7,12.4,0.012,0.145,0.335,0.004,0.037
223,311.7,220.7,361.0,232.6,337.7,215.0,335.5,231.4,506.0,268.6,460.4,254.6,487.4,250.4,483.4,266.4,381.1,354.1,379.0,366.6,363.7,423.5,361.1,442.0,313.4,394.6,425.9,421.6,392.7,207.3,294.4,176.0,433.3,214.5,550.0,239.7,7.2,10.0,5.5,0.002,0.916,0.033,0.003,0.015
224,237.8,226.7,281.1,226.6,258.0,218.4,259.2,230.6,429.4,235.8,382.0,232.0,406.3,226.1,405.9,237.0,322.4,346.7,322.0,361.0,320.3,401.7,321.0,420.1,267.7,395.8,377.3,397.1,307.1,199.7,204.5,194.2,353.2,197.0,460.8,202.8,9.2,4.5,-1.7,0.001,0.833,0.009,0.002,0.001
225,185.9,233.0,227.6,226.1,200.5,221.1,205.7,234.8,367.9,211.0,320.4,217.9,343.6,205.0,345.7,219.4,279.0,328.6,281.2,341.6,288.5,395.8,290.5,415.7,234.5,379.6,346.9,367.6,240.7,178.2,153.3,205.8,301.6,169.7,407.0,178.8,19.6,-5.7,-5.9,0.01,0.01,0.452,0.005,0.0
226,120.5,246.4,153.9,235.9,134.9,233.7,138.2,245.0,269.6,196.2,234.8,208.3,251.2,196.3,255.7,205.9,221.5,310.2,224.4,325.0,233.6,357.6,239.9,376.8,186.0,361.4,279.9,332.3,163.9,204.8,82.7,224.0,205.0,185.3,288.3,160.0,28.2,-10.6,-11.0,0.0,0.979,0.001,0.003,0.002
227,131.5,245.9,171.1,235.4,148.2,234.4,152.8,244.0,294.3,202.4,251.8,215.6,272.2,202.5,275.9,212.4,226.1,320.6,228.1,332.9,244.9,385.0,248.4,405.6,192.4,368.6,302.4,346.8,175.1,205.7,95.4,221.1,222.1,193.4,320.4,170.4,21.4,-12.5,-7.0,0.008,0.686,0.016,0.065,0.075
228,124.7,252.1,165.2,241.1,140.9,240.4,145.0,249.7,291.8,207.3,250.1,217.9,268.6,206.3,271.9,214.9,230.7,325.1,234.8,339.1,243.2,384.5,249.2,402.7,190.9,388.0,287.7,362.8,177.3,204.8,86.3,230.7,220.6,189.0,307.9,173.0,20.0,-10.6,-11.9,0.001,0.689,0.003,0.009,0.01
229,0,0,0,0,0,0,0,0,0,0,0,0,0,0,0,0,0,0,0,0,0,0,0,0,0,0,0,0,0,0,0,0,0,0,0,0,0,0,0,0,0,0,0,0
230,168.6,248.7,219.2,243.7,192.3,238.3,194.1,252.3,359.5,237.9,315.0,239.7,337.4,231.6,338.1,244.4,268.2,361.9,268.7,380.9,272.2,431.0,273.7,456.7,225.6,414.3,322.7,408.4,232.4,202.5,130.5,210.9,287.8,197.2,386.8,193.5,9.7,-2.5,-5.4,0.003,0.074,0.0,0.0,0.0
231,259.5,193.8,297.8,199.7,275.8,191.0,275.8,200.3,421.8,208.8,384.8,206.7,403.4,201.3,403.4,210.6,336.8,305.5,334.7,318.0,330.5,360.6,330.2,377.8,278.1,338.7,378.9,345.2,315.9,162.4,226.4,162.5,379.4,164.0,460.2,178.4,32.7,3.9,3.5,0.004,0.103,0.0,0.003,0.004
232,311.6,256.8,356.0,267.5,337.9,245.0,331.7,268.0,505.3,312.7,459.3,298.2,489.1,289.6,482.0,313.4,379.1,419.4,373.0,438.8,362.2,466.2,353.5,489.3,301.4,437.5,430.9,482.6,384.5,209.2,281.2,199.2,468.7,235.1,554.9,272.4,7.4,13.8,6.4,0.0,0.251,0.009,0.001,0.0
233,352.6,209.7,392.3,220.6,373.1,204.3,370.6,217.5,528.7,267.9,490.2,252.6,513.6,248.9,508.3,264.8,419.6,337.5,415.5,352.1,402.4,402.1,395.2,420.2,347.9,364.7,459.8,401.3,419.8,190.4,323.1,168.2,479.1,196.3,569.2,239.9,14.9,14.8,8.5,0.01,0.449,0.238,0.004,0.005
234,376.7,203.1,418.9,217.7,401.8,198.2,395.2,214.5,552.0,267.0,510.8,250.5,537.3,244.6,528.7,264.1,436.2,334.0,431.5,345.2,421.5,379.3,414.8,393.9,358.4,349.9,474.1,389.8,448.3,201.1,350.5,176.4,493.9,216.4,585.3,253.8,25.2,21.5,14.0,0.01,0.604,0.164,0.013,0.075
235,356.2,228.1,400.0,243.2,380.0,227.5,377.1,238.6,535.3,299.6,495.9,283.0,521.7,283.3,515.2,295.2,416.4,370.2,412.4,382.2,399.4,423.2,395.0,440.8,342.2,385.1,464.8,430.7,432.5,227.9,339.9,187.8,478.8,244.3,581.7,272.0,16.0,19.1,11.3,0.029,0.303,0.088,0.043,0.495
236,281.4,224.1,321.8,234.0,302.0,221.2,300.7,232.0,459.3,272.1,418.6,260.6,443.6,259.2,439.1,269.5,343.3,355.3,342.6,364.6,332.8,408.7,329.4,423.6,274.1,380.2,389.7,410.3,352.1,214.9,268.3,192.0,406.5,226.1,497.7,245.1,14.9,16.5,3.0,0.007,0.84,0.042,0.019,0.081
237,277.1,195.5,320.4,198.6,296.7,192.1,297.6,203.7,430.8,203.9,396.3,198.7,414.5,195.9,413.6,206.1,341.9,310.1,340.6,324.2,331.0,381.6,329.1,402.6,274.7,348.2,381.0,356.5,331.3,156.0,255.3,160.5,386.2,159.7,459.2,184.6,20.4,12.4,1.6,0.0,0.914,0.003,0.003,0.072
238,288.0,198.8,325.1,209.3,307.9,194.1,306.3,205.6,456.1,241.1,417.8,233.2,438.0,229.4,436.4,237.1,350.2,320.6,347.5,331.7,338.3,365.2,334.7,381.0,284.7,342.6,399.3,371.5,347.9,190.3,270.1,166.9,403.4,203.3,491.2,221.4,15.7,13.6,4.3,0.0,0.953,0.042,0.001,0.0
239,291.3,203.2,326.2,209.0,306.9,200.6,307.3,207.4,442.1,235.6,407.5,227.0,428.1,226.9,425.1,232.2,350.3,309.2,348.5,319.1,341.4,351.8,337.1,367.0,294.5,328.2,387.4,354.9,350.3,186.4,271.4,165.1,398.3,192.6,473.4,211.1,29.1,9.6,3.4,0.0,0.943,0.007,0.006,0.027
240,291.5,197.8,327.1,205.1,311.4,199.2,309.2,202.9,432.4,229.6,401.8,221.9,418.9,223.6,416.3,227.9,353.0,304.4,351.4,315.4,345.3,344.8,344.1,359.4,299.9,320.6,387.8,342.5,350.5,189.8,266.5,171.0,394.1,193.6,466.6,209.0,26.6,9.6,1.3,0.0,0.964,0.001,0.008,0.022
241,276.4,192.4,321.0,199.1,298.6,191.2,298.0,198.1,445.7,225.4,402.2,214.7,426.6,216.4,424.3,222.8,349.4,304.4,345.5,314.9,334.5,357.0,331.4,374.0,285.9,323.4,389.3,343.0,341.1,180.6,251.0,165.2,395.8,186.8,478.3,208.0,26.3,9.5,1.4,0.0,0.984,0.001,0.005,0.009
242,283.2,210.0,323.3,218.8,302.9,210.6,301.4,217.8,457.2,252.5,412.7,241.5,437.7,243.5,435.1,251.3,350.3,329.6,347.5,338.6,334.0,408.2,331.7,422.4,275.9,359.3,407.6,385.9,354.9,187.5,255.4,169.8,406.3,198.5,498.3,223.9,17.5,11.8,4.4,0.0,0.0,0.991,0.0,0.004
243,292.1,214.0,337.6,227.1,314.8,212.5,313.4,225.9,466.6,258.7,420.4,244.1,446.0,243.9,441.9,258.1,342.7,343.2,337.8,365.9,328.5,411.9,323.8,436.1,289.3,374.8,391.2,402.2,362.0,186.6,268.8,166.0,410.7,198.0,511.6,231.8,7.9,11.6,1.5,0.01,0.072,0.011,0.002,0.0
244,286.2,212.9,326.1,223.7,303.8,207.8,304.4,221.6,455.5,251.3,417.5,242.1,440.1,239.0,437.4,251.0,347.0,340.2,343.5,353.8,332.0,403.9,327.4,423.8,288.4,369.4,391.7,390.9,353.5,185.3,260.0,167.3,417.1,194.7,500.1,225.2,12.0,11.1,-0.9,0.02,0.173,0.004,0.004,0.0
245,290.9,208.6,336.0,221.6,314.1,205.1,312.2,220.4,453.4,244.6,409.1,238.6,432.8,233.4,432.0,248.3,345.0,348.4,340.6,367.1,332.6,415.1,327.9,440.5,290.3,381.9,385.8,396.8,351.6,179.0,275.4,161.3,405.8,188.8,492.7,207.5,8.1,15.0,-1.3,0.006,0.023,0.001,0.001,0.0
246,291.5,211.7,331.9,222.3,312.4,206.1,310.1,221.8,465.6,249.7,421.3,242.1,445.4,235.7,443.1,252.6,341.8,352.5,337.8,368.5,328.2,424.3,324.9,449.6,285.0,376.6,386.4,405.9,355.7,183.2,273.7,169.1,414.9,196.0,497.5,217.7,3.8,17.1,-1.7,0.005,0.024,0.001,0.001,0.0
247,286.1,213.7,324.8,220.1,301.3,210.4,304.0,219.9,457.0,253.0,416.0,240.3,437.6,240.9,435.6,250.7,346.4,337.2,342.6,357.7,332.8,409.4,328.8,428.9,287.7,378.5,388.4,400.5,354.4,184.2,258.3,176.8,417.4,193.8,500.0,234.4,7.3,10.8,0.1,0.053,0.064,0.051,0.006,0.001
248,283.1,212.1,326.4,220.3,303.9,209.6,304.1,219.3,458.8,252.2,413.6,240.9,439.9,239.7,436.1,250.9,345.7,345.8,345.3,355.9,339.2,397.4,336.1,416.4,293.4,369.5,395.1,394.1,347.9,181.7,258.3,168.7,403.2,193.5,499.5,220.1,15.6,9.5,2.3,0.01,0.017,0.289,0.001,0.001
249,280.0,210.4,322.3,218.7,298.7,204.2,298.7,217.9,453.8,245.7,413.0,236.6,437.3,233.6,433.1,244.6,343.7,336.3,340.7,352.7,331.8,395.6,327.8,417.2,280.6,374.6,389.4,390.1,344.6,178.5,248.8,171.4,405.2,188.3,497.4,217.3,15.0,11.4,2.9,0.005,0.19,0.023,0.003,0.0
250,226.1,218.6,269.1,219.6,247.1,210.5,247.7,224.4,398.3,232.5,358.0,229.8,379.9,224.4,378.5,236.9,294.4,327.0,292.2,339.0,287.0,380.0,284.7,399.0,241.5,366.3,342.2,378.0,289.1,182.1,209.7,182.6,344.9,186.6,427.1,204.6,19.1,6.8,-8.2,0.003,0.221,0.033,0.0,0.0
251,201.7,223.3,244.6,221.5,220.5,214.7,221.5,226.6,382.2,220.5,341.4,221.7,363.3,213.9,361.8,224.0,293.4,322.1,292.8,336.5,294.2,378.3,292.9,396.8,238.9,368.3,342.7,367.1,268.9,187.1,179.9,192.7,322.9,181.6,408.0,186.2,15.1,2.6,-5.0,0.002,0.472,0.032,0.002,0.004
252,206.7,224.4,249.1,222.2,224.5,216.4,226.5,227.3,375.1,224.6,333.1,222.9,354.2,216.1,355.2,226.5,289.8,327.6,289.4,344.0,287.8,386.3,286.9,408.1,234.0,367.2,341.4,369.2,268.6,183.7,181.1,193.4,322.9,181.1,409.3,189.1,16.9,0.6,-4.0,0.014,0.159,0.158,0.005,0.06
253,201.2,225.1,247.8,223.3,221.7,217.7,223.3,227.4,382.7,223.4,339.2,223.0,364.9,217.2,361.4,227.4,283.5,321.7,283.3,332.3,286.0,374.2,286.5,393.3,227.5,356.7,356.8,354.8,265.9,186.6,172.3,189.8,318.3,185.0,425.0,191.5,16.3,0.8,-4.2,0.056,0.02,0.864,0.003,0.053
254,168.9,239.3,206.6,236.3,185.8,231.9,186.3,240.6,337.7,225.0,296.8,229.8,318.0,220.9,317.9,230.3,259.7,335.6,260.3,346.9,264.2,399.5,266.0,413.4,211.5,391.4,316.9,378.8,224.1,197.4,134.4,210.7,276.3,192.4,370.2,191.2,16.3,-2.8,-4.2,0.04,0.183,0.16,0.004,0.006
255,158.8,232.2,200.7,228.9,175.3,220.7,178.4,236.2,324.0,210.7,280.9,220.9,300.3,207.5,304.2,220.5,245.3,334.9,247.2,351.2,253.9,385.5,253.9,405.9,206.8,375.0,306.8,365.9,212.1,191.4,130.6,197.1,261.5,182.5,359.6,183.1,16.9,-4.0,-7.7,0.001,0.261,0.001,0.002,0.004
256,77.0,265.4,117.1,257.9,92.5,252.7,95.9,266.9,254.2,223.6,207.5,234.3,227.8,220.9,231.2,234.5,176.6,354.6,180.3,365.0,190.2,406.4,194.7,421.9,129.0,403.0,247.0,379.1,130.2,217.5,43.2,242.0,181.7,201.5,274.6,184.6,19.9,-6.7,-14.9,0.0,0.003,0.621,0.0,0.0
257,72.6,275.0,109.8,264.2,86.6,262.8,91.1,273.1,241.5,229.6,204.2,241.7,220.5,229.3,224.0,239.4,175.8,357.1,179.7,371.0,185.2,382.1,189.0,398.9,129.9,397.4,236.1,369.0,117.7,221.2,39.5,242.3,177.7,205.7,264.3,187.7,15.7,-9.3,-17.3,0.997,0.0,0.002,0.0,0.0
258,119.9,237.4,162.2,230.3,136.6,226.5,141.3,237.7,292.9,200.5,251.2,211.8,270.4,199.3,272.0,207.9,220.0,316.5,222.9,329.4,231.6,367.5,235.6,387.8,170.6,355.9,286.8,335.0,165.9,199.9,82.1,213.0,229.6,188.0,333.1,166.1,28.1,-2.8,-8.0,0.0,0.703,0.26,0.001,0.002
259,122.4,244.5,163.3,236.2,138.6,232.3,141.5,241.2,292.3,210.7,250.7,219.3,267.8,208.2,271.5,217.1,215.3,326.4,218.5,339.0,229.3,374.7,234.8,394.8,176.7,374.9,285.3,354.2,174.3,206.3,93.4,211.2,224.8,195.3,319.2,179.3,25.9,-1.9,-7.1,0.0,0.827,0.115,0.003,0.002
260,88.6,243.7,121.4,235.8,101.3,234.3,106.3,242.3,245.8,210.2,208.8,217.1,225.6,207.5,227.8,216.7,177.7,323.0,180.5,336.1,185.7,354.4,188.8,370.3,134.5,357.1,227.9,345.4,132.9,205.6,64.4,216.1,191.1,190.6,260.9,179.8,22.4,-7.1,-28.0,0.0,0.968,0.021,0.0,0.002
261,165.7,221.3,205.5,218.4,183.0,211.9,186.0,221.5,343.6,219.1,301.8,217.7,324.3,212.1,322.1,220.0,249.8,317.1,250.3,330.1,248.6,377.9,247.4,395.5,193.1,361.3,305.6,362.9,226.6,188.0,143.2,190.9,286.8,183.7,372.7,187.0,20.2,1.3,-8.3,0.0,0.929,0.056,0.0,0.0
262,298.8,227.5,337.6,229.3,318.1,223.1,317.9,233.8,452.1,246.5,411.7,241.2,432.5,237.0,432.5,249.5,361.6,346.1,358.9,359.3,354.7,391.8,352.4,406.9,308.8,371.4,399.0,382.7,355.5,209.1,270.9,203.0,402.9,211.7,484.1,222.0,11.0,8.7,11.3,0.0,0.935,0.0,0.001,0.055
263,297.2,218.9,340.9,228.3,321.1,215.3,319.0,226.3,472.6,268.8,432.7,253.1,457.2,251.5,452.2,264.8,371.2,351.3,368.3,363.1,351.9,414.2,348.6,430.2,294.6,374.0,403.0,406.7,375.8,199.9,270.4,176.6,432.6,212.5,509.7,240.3,20.8,14.5,15.4,0.0,0.007,0.841,0.0,0.0
264,324.3,225.5,371.9,237.8,350.4,226.8,347.5,236.7,494.5,284.3,456.1,265.0,479.4,270.8,475.5,278.6,394.8,359.8,391.3,373.4,380.0,416.4,376.5,435.9,318.0,378.4,421.1,413.8,396.4,189.3,304.7,175.9,457.8,212.4,527.8,246.3,20.0,13.3,16.1,0.002,0.044,0.755,0.003,0.001
265,337.9,217.8,377.2,232.1,362.2,216.5,356.3,227.2,506.9,283.9,468.7,266.1,492.7,266.7,485.9,277.9,402.4,353.1,398.0,367.1,383.5,409.3,376.1,424.9,323.6,372.0,429.5,417.9,410.5,189.7,309.8,168.6,458.9,209.4,534.1,249.0,20.0,17.2,15.9,0.003,0.012,0.69,0.001,0.003
266,331.1,220.6,373.3,236.3,352.2,220.5,349.6,231.2,502.4,284.5,460.0,268.2,482.7,268.6,480.6,280.3,387.3,359.0,383.6,373.1,365.8,421.7,361.0,442.1,315.9,387.6,415.4,426.8,401.2,212.2,311.3,176.2,454.5,227.4,538.2,255.0,19.8,18.9,13.1,0.003,0.257,0.579,0.003,0.014
267,307.8,232.5,349.3,245.8,329.6,230.5,326.6,244.2,485.0,289.8,442.3,278.0,467.0,274.6,462.9,290.0,356.6,387.4,353.5,400.0,346.2,419.0,340.6,438.7,299.9,399.7,408.4,430.7,373.9,224.4,292.3,180.6,424.7,236.9,530.3,258.6,13.7,16.8,6.5,0.001,0.78,0.122,0.006,0.012
268,276.0,245.5,324.2,258.5,303.2,243.2,298.5,256.0,465.5,290.0,420.3,280.0,445.2,277.1,442.1,290.5,345.2,388.3,343.7,398.9,333.2,438.0,329.3,457.4,281.8,410.7,391.2,441.1,343.6,234.2,249.9,205.6,405.0,245.6,502.8,259.9,7.5,13.6,7.0,0.0,0.928,0.013,0.002,0.002
269,248.3,251.5,292.9,260.6,271.5,245.5,268.5,263.5,436.2,280.7,388.8,276.2,415.2,266.8,411.9,286.3,328.3,399.6,329.1,407.2,323.0,443.6,322.6,456.3,267.0,421.6,373.6,438.9,316.8,217.3,221.6,210.1,377.2,223.2,469.2,243.3,1.9,8.9,1.4,0.0,0.002,0.158,0.0,0.0
270,251.4,251.1,295.9,260.1,277.0,243.9,273.1,262.2,441.6,280.1,393.3,275.8,419.7,266.6,418.7,284.8,327.9,391.5,327.0,402.6,321.0,435.5,321.0,452.1,272.0,419.4,377.5,433.7,322.4,228.9,233.5,208.3,380.5,230.2,482.8,256.5,3.2,9.1,2.2,0.003,0.301,0.008,0.004,0.001
271,253.0,245.1,295.8,253.8,275.4,239.1,272.3,254.8,442.6,276.8,396.3,270.9,421.8,263.0,418.9,280.1,330.4,386.0,329.4,398.0,318.6,452.4,316.3,471.1,265.7,410.7,378.3,430.9,321.5,223.4,223.1,202.3,370.2,230.4,475.6,247.9,4.7,9.8,0.2,0.012,0.441,0.007,0.009,0.005
272,252.5,246.9,296.3,257.2,276.6,242.8,272.1,258.7,441.3,280.4,395.6,272.9,421.9,267.4,418.0,282.3,328.7,388.9,325.8,399.9,315.1,452.7,313.1,467.7,272.0,417.0,372.6,431.5,325.7,228.4,225.5,202.0,373.3,233.0,479.3,251.3,4.8,9.4,0.8,0.055,0.377,0.01,0.015,0.038
273,250.3,246.6,291.9,255.2,272.0,242.5,270.0,256.0,436.0,279.0,392.0,272.9,415.7,266.6,414.4,282.2,325.1,385.6,322.9,398.7,316.4,456.2,314.4,478.5,273.4,419.2,366.5,435.7,319.1,233.2,221.6,204.0,368.8,234.7,470.2,253.0,3.9,11.1,0.3,0.002,0.728,0.007,0.002,0.001
274,249.1,230.6,292.7,240.9,273.3,224.0,269.8,243.3,430.9,261.9,385.1,254.9,412.5,246.1,408.1,268.2,316.7,378.7,317.0,388.9,315.4,414.3,313.7,433.6,268.1,395.4,372.3,408.3,305.0,187.9,223.3,185.5,380.7,203.7,475.8,227.9,11.8,6.5,2.5,0.0,0.0,0.001,0.0,0.0
275,250.2,223.9,293.3,233.1,273.5,217.7,270.8,236.9,431.5,255.5,387.8,249.2,413.5,241.9,410.4,259.1,329.3,361.1,325.0,374.4,316.7,419.9,311.3,443.5,268.7,388.5,372.0,411.2,310.1,181.9,215.4,183.1,383.2,194.2,477.9,230.3,12.5,7.3,1.5,0.0,0.003,0.0,0.0,0.0
276,249.9,228.2,291.9,234.1,269.7,217.4,269.8,236.0,432.4,256.0,389.0,247.9,412.4,238.5,410.4,256.7,325.8,371.1,325.5,379.0,321.1,418.3,319.3,438.0,267.4,385.3,375.4,400.0,321.7,202.0,226.3,184.7,372.2,208.6,475.3,223.2,9.8,10.1,2.1,0.026,0.035,0.0,0.0,0.0
277,252.7,221.0,297.5,228.9,275.2,211.5,273.9,235.5,434.2,251.6,389.0,242.2,415.6,232.8,412.4,255.8,326.1,347.3,323.8,366.0,321.0,404.2,316.7,426.9,272.6,383.3,373.6,399.7,317.7,177.1,225.0,174.1,380.8,184.6,487.6,219.9,11.9,8.5,1.7,0.002,0.0,0.0,0.0,0.0
278,256.2,215.7,295.7,221.1,274.4,204.7,274.1,226.0,434.2,241.4,390.2,234.1,415.5,226.7,412.5,245.7,327.4,337.9,323.9,349.8,317.7,399.0,313.6,419.5,276.3,362.0,376.5,382.1,316.6,172.7,225.6,170.2,380.6,178.4,477.3,212.5,16.8,8.7,-1.8,0.0,0.0,0.0,0.0,0.0
279,254.3,213.2,295.9,219.6,276.0,202.1,273.9,224.7,435.4,239.1,388.1,230.8,416.6,220.3,411.4,242.7,329.0,337.2,328.4,348.3,323.0,391.4,320.6,408.3,275.9,361.3,374.9,377.3,319.5,178.8,229.1,179.0,393.9,186.5,480.7,213.5,19.2,8.4,-0.8,0.0,0.0,0.0,0.0,0.0
280,252.7,207.9,296.1,214.7,274.0,197.9,273.1,216.8,430.7,233.5,387.4,224.7,413.3,216.7,409.4,235.7,325.6,329.3,322.5,346.0,317.1,397.5,316.2,415.3,273.1,358.2,371.6,377.6,312.7,168.1,225.5,170.8,387.7,176.2,475.6,206.9,16.7,7.3,-1.4,0.0,0.002,0.0,0.0,0.0
281,253.6,205.7,294.3,209.5,272.8,194.1,274.1,213.1,430.6,228.4,387.0,221.6,411.4,213.3,408.3,230.3,329.3,316.3,327.6,334.5,317.6,391.2,315.6,411.6,272.6,360.4,376.6,370.3,311.9,161.0,226.4,165.2,386.9,170.7,466.2,199.3,15.3,9.6,-1.4,0.006,0.018,0.002,0.0,0.0
282,254.6,212.2,300.9,219.9,275.6,207.2,275.5,221.5,433.5,240.6,390.6,231.8,416.1,228.4,412.6,240.2,329.9,330.0,326.3,352.3,316.7,402.2,311.7,424.8,272.5,371.3,372.4,388.5,322.1,186.6,225.1,177.2,378.0,191.2,473.1,208.5,15.1,12.4,1.0,0.018,0.14,0.0,0.001,0.0
283,260.0,210.5,302.1,215.8,280.6,203.9,279.9,215.9,437.6,236.8,398.2,228.9,421.0,224.4,417.5,235.6,333.4,322.4,330.4,338.4,326.7,369.9,324.7,384.7,280.9,361.5,373.1,371.7,325.6,180.9,229.0,177.0,381.9,186.3,467.4,205.1,17.2,10.3,0.8,0.018,0.235,0.0,0.003,0.0
284,263.0,209.8,308.0,215.9,283.4,203.0,283.5,215.2,440.0,236.0,396.9,228.3,420.9,224.2,417.1,236.4,334.0,315.9,332.9,332.3,326.6,377.0,324.0,396.6,285.8,355.1,382.7,368.2,330.3,180.9,243.3,169.4,387.6,187.9,478.8,203.9,19.6,6.1,2.1,0.004,0.047,0.001,0.0,0.0
285,267.2,208.6,308.6,215.3,287.2,204.6,285.4,214.2,440.0,236.1,397.5,228.2,420.9,225.6,418.2,235.5,339.4,319.0,337.1,330.3,330.6,369.9,328.9,385.9,277.7,351.3,393.2,365.3,329.0,180.3,248.1,172.0,386.3,185.7,473.6,212.9,21.9,8.5,5.0,0.006,0.006,0.549,0.0,0.001
286,277.8,207.3,312.8,215.1,292.9,203.2,291.4,213.9,429.8,231.8,393.3,227.5,412.7,222.0,411.0,233.2,343.5,324.0,343.4,333.4,338.5,377.8,336.8,393.4,287.1,350.6,390.1,362.1,334.7,180.6,249.6,178.0,385.2,184.8,466.5,203.7,27.1,7.5,6.1,0.009,0.012,0.351,0.0,0.002
287,266.4,207.1,308.9,213.2,285.6,201.5,286.3,215.1,438.3,233.1,401.1,227.8,422.0,223.2,418.9,236.2,339.7,326.0,339.6,331.7,330.6,376.7,329.4,390.6,269.4,341.8,399.0,356.7,329.3,178.4,238.1,176.8,392.0,186.6,478.1,210.4,22.1,9.7,3.8,0.0,0.0,0.994,0.0,0.0
288,268.1,207.8,310.8,212.9,287.8,203.4,288.4,213.6,440.0,235.0,400.0,228.2,421.5,226.1,419.7,234.7,347.8,304.9,344.6,313.8,334.8,355.7,330.7,368.1,288.6,329.2,392.2,346.1,334.4,178.3,251.5,170.6,394.9,185.7,478.5,209.7,30.0,6.8,3.6,0.016,0.388,0.38,0.01,0.004
289,266.7,208.5,311.9,215.9,287.0,205.9,286.8,215.8,436.5,235.5,390.6,229.1,415.1,225.7,413.8,234.6,348.3,307.3,345.3,319.9,337.7,383.0,334.2,402.0,278.9,343.8,398.3,358.4,332.9,179.6,239.5,175.7,388.3,187.7,471.8,208.3,24.8,8.7,4.6,0.003,0.006,0.943,0.001,0.001
